     75    18
          .80000E+01  .14000E+02  .24100E+02  .35400E+02  .48000E+02
          .61000E+02  .12000E+03  .14000E+03  .16200E+03  .18300E+03
          .20400E+03  .24000E+03  .26300E+03  .29500E+03  .34000E+03
          .37000E+03  .39500E+03  .43500E+03  .48000E+03  .52600E+03
          .57100E+03  .61600E+03  .66400E+03  .71000E+03  .75500E+03
          .80100E+03  .84700E+03  .89200E+03  .11540E+04  .12060E+04
          .12590E+04  .13120E+04  .13650E+04  .14170E+04  .14830E+04
          .15370E+04  .15910E+04  .16450E+04  .18700E+04  .19260E+04
          .19810E+04  .20370E+04  .21630E+04  .22230E+04  .23860E+04
          .24470E+04  .37340E+04  .38820E+04  .40290E+04  .41770E+04
          .43250E+04  .44720E+04  .46840E+04  .48360E+04  .49870E+04
          .51390E+04  .55300E+04  .56710E+04  .58030E+04  .59360E+04
          .64680E+04  .66110E+04  .69190E+04  .70550E+04  .14760E+05
          .15140E+05  .15520E+05  .15900E+05  .17630E+05  .18060E+05
          .18800E+05  .19150E+05  .77510E+05  .78990E+05  .00000E+00
         -.50000E+00 -.25000E+00  .00000E+00  .25000E+00  .50000E+00
          .75000E+00  .10000E+01  .12500E+01  .15000E+01  .17500E+01
          .20000E+01  .22500E+01  .25000E+01  .27500E+01  .30000E+01
          .35000E+01  .40000E+01  .50000E+01
         -.10103E+02 -.51810E+01 -.23710E+01 -.75400E+00  .18300E+00
          .72900E+00  .10460E+01  .12250E+01  .13180E+01  .13570E+01
          .13600E+01  .13380E+01  .12980E+01  .12450E+01  .11830E+01
          .10360E+01  .87000E+00  .50100E+00
          .21654E+02  .15755E+02  .81086E+01  .49342E+01  .28024E+01
          .16520E+01  .94559E+00  .51764E+00  .24784E+00  .74993E-01
         -.43812E-01 -.12774E+00 -.18921E+00 -.23141E+00 -.26515E+00
         -.31626E+00 -.34782E+00 -.37959E+00
         -.30000E+02 -.30000E+02 -.30000E+02 -.30000E+02 -.30000E+02
         -.30000E+02 -.30000E+02 -.30000E+02 -.30000E+02 -.30000E+02
         -.30000E+02 -.30000E+02 -.30000E+02 -.30000E+02 -.30000E+02
         -.30000E+02 -.30000E+02 -.30000E+02
          .00000E+00  .00000E+00  .00000E+00  .00000E+00  .00000E+00
          .00000E+00  .00000E+00  .00000E+00  .00000E+00  .00000E+00
          .00000E+00  .00000E+00  .00000E+00  .00000E+00  .00000E+00
          .00000E+00  .00000E+00  .00000E+00
         -.28791E+01 -.48412E+00  .90488E+00  .17659E+01  .23089E+01
          .26349E+01  .28199E+01  .29189E+01  .29629E+01  .29709E+01
          .29539E+01  .29179E+01  .28689E+01  .28099E+01  .27419E+01
          .25889E+01  .24179E+01  .20439E+01
          .10527E+02  .76855E+01  .41388E+01  .27593E+01  .16722E+01
          .98014E+00  .53930E+00  .27065E+00  .94100E-01 -.23048E-01
         -.10991E+00 -.17332E+00 -.21683E+00 -.25538E+00 -.28564E+00
         -.32540E+00 -.35676E+00 -.38262E+00
         -.18998E+02 -.10466E+02 -.56200E+01 -.28530E+01 -.12610E+01
         -.33800E+00  .20000E+00  .51100E+00  .68800E+00  .77900E+00
          .81700E+00  .81900E+00  .79700E+00  .75600E+00  .70300E+00
          .57000E+00  .41200E+00  .53000E-01
          .37560E+02  .27264E+02  .13920E+02  .84109E+01  .47440E+01
          .27931E+01  .16156E+01  .93248E+00  .51046E+00  .24166E+00
          .70905E-01 -.45277E-01 -.12980E+00 -.19154E+00 -.23205E+00
         -.29461E+00 -.33551E+00 -.37075E+00
         -.40560E+01 -.42080E+01 -.42630E+01 -.38630E+01 -.35080E+01
         -.33870E+01 -.34400E+01 -.36110E+01 -.38550E+01 -.41440E+01
         -.44580E+01 -.47860E+01 -.51240E+01 -.54660E+01 -.58110E+01
         -.65070E+01 -.72050E+01 -.86080E+01
         -.58184E+00 -.66031E+00  .73909E+00  .18440E+01  .94506E+00
          .87809E-01 -.48029E+00 -.85464E+00 -.10812E+01 -.12167E+01
         -.12880E+01 -.13353E+01 -.13627E+01 -.13740E+01 -.13855E+01
         -.13951E+01 -.13982E+01 -.14054E+01
         -.45121E+01 -.22101E+01  .36880E-01  .12909E+01  .20099E+01
          .24339E+01  .26779E+01  .28089E+01  .28699E+01  .28869E+01
          .28739E+01  .28409E+01  .27929E+01  .27349E+01  .26679E+01
          .25159E+01  .23459E+01  .19729E+01
          .90177E+01  .95886E+01  .72160E+01  .35596E+01  .22218E+01
          .12692E+01  .71754E+00  .36067E+00  .14377E+00  .23894E-03
         -.96726E-01 -.16533E+00 -.21394E+00 -.25091E+00 -.28242E+00
         -.32366E+00 -.35494E+00 -.38203E+00
         -.27525E+02 -.18430E+02 -.10166E+02 -.54720E+01 -.27910E+01
         -.12480E+01 -.35200E+00  .16900E+00  .47200E+00  .64200E+00
          .73000E+00  .76500E+00  .76600E+00  .74200E+00  .70100E+00
          .58400E+00  .43600E+00  .89000E-01
          .36380E+02  .36380E+02  .26408E+02  .13486E+02  .81500E+01
          .46025E+01  .27082E+01  .15689E+01  .90420E+00  .49029E+00
          .23064E+00  .63135E-01 -.51185E-01 -.13440E+00 -.19123E+00
         -.26984E+00 -.31942E+00 -.36079E+00
         -.36360E+01 -.37920E+01 -.38900E+01 -.34500E+01 -.29990E+01
         -.27890E+01 -.27230E+01 -.27900E+01 -.29670E+01 -.32180E+01
         -.35140E+01 -.38370E+01 -.41750E+01 -.45220E+01 -.48740E+01
         -.55880E+01 -.63080E+01 -.77560E+01
         -.53684E+00 -.79833E+00  .68214E+00  .21738E+01  .13147E+01
          .49924E+00  .30207E-03 -.51244E+00 -.87853E+00 -.11094E+01
         -.12477E+01 -.13278E+01 -.13731E+01 -.13997E+01 -.14161E+01
         -.14361E+01 -.14436E+01 -.14502E+01
         -.40641E+01 -.28041E+01 -.15612E+00  .13069E+01  .20939E+01
          .25129E+01  .27379E+01  .28569E+01  .29119E+01  .29269E+01
          .29139E+01  .28809E+01  .28339E+01  .27759E+01  .27089E+01
          .25579E+01  .23879E+01  .20149E+01
          .32574E+01  .86052E+01  .92178E+01  .38557E+01  .23596E+01
          .11781E+01  .65605E+00  .32571E+00  .12909E+00 -.20908E-02
         -.96729E-01 -.16300E+00 -.21129E+00 -.25184E+00 -.28133E+00
         -.32231E+00 -.35543E+00 -.38178E+00
         -.40919E+02 -.27613E+02 -.15527E+02 -.86820E+01 -.47880E+01
         -.25580E+01 -.12710E+01 -.52300E+00 -.87000E-01  .16400E+00
          .30300E+00  .37100E+00  .39300E+00  .38500E+00  .35400E+00
          .25100E+00  .11200E+00 -.22500E+00
          .53225E+02  .53225E+02  .38582E+02  .19619E+02  .11811E+02
          .66271E+01  .38850E+01  .22528E+01  .13119E+01  .74365E+00
          .39350E+00  .16635E+00  .21090E-01 -.82711E-01 -.15824E+00
         -.24711E+00 -.30532E+00 -.35284E+00
         -.33040E+01 -.34540E+01 -.36030E+01 -.34220E+01 -.28640E+01
         -.25760E+01 -.24650E+01 -.24740E+01 -.26020E+01 -.28230E+01
         -.31040E+01 -.34210E+01 -.37590E+01 -.41080E+01 -.44650E+01
         -.51890E+01 -.59190E+01 -.73850E+01
         -.54004E+00 -.71992E+00 -.16827E+00  .17770E+01  .19282E+01
          .66208E+00  .21144E+00 -.28384E+00 -.72007E+00 -.10239E+01
         -.12084E+01 -.13184E+01 -.13779E+01 -.14140E+01 -.14380E+01
         -.14557E+01 -.14632E+01 -.14674E+01
         -.37181E+01 -.35911E+01 -.12141E+01  .72988E+00  .17819E+01
          .23379E+01  .26239E+01  .27679E+01  .28329E+01  .28509E+01
          .28389E+01  .28069E+01  .27599E+01  .27019E+01  .26359E+01
          .24839E+01  .23149E+01  .19419E+01
         -.19682E+01  .54603E+01  .10175E+02  .56925E+01  .30073E+01
          .15744E+01  .79900E+00  .38957E+00  .15074E+00  .34913E-02
         -.92702E-01 -.16069E+00 -.21255E+00 -.24910E+00 -.27904E+00
         -.32354E+00 -.35280E+00 -.38310E+00
         -.41782E+02 -.31609E+02 -.21437E+02 -.12195E+02 -.69500E+01
         -.39580E+01 -.22390E+01 -.12430E+01 -.66200E+00 -.32500E+00
         -.13400E+00 -.32000E-01  .12000E-01  .18000E-01 -.20000E-02
         -.91000E-01 -.22300E+00 -.55200E+00
          .40690E+02  .40690E+02  .40690E+02  .29524E+02  .15058E+02
          .90887E+01  .51193E+01  .30140E+01  .17487E+01  .10073E+01
          .55816E+00  .27605E+00  .89618E-01 -.34528E-01 -.11951E+00
         -.22791E+00 -.29485E+00 -.34607E+00
         -.30690E+01 -.32120E+01 -.33600E+01 -.32730E+01 -.26990E+01
         -.23830E+01 -.23060E+01 -.23370E+01 -.24570E+01 -.26630E+01
         -.29330E+01 -.32430E+01 -.35770E+01 -.39250E+01 -.42820E+01
         -.50060E+01 -.57370E+01 -.72030E+01
         -.54076E+00 -.63448E+00 -.41331E+00  .15557E+01  .21224E+01
          .63472E+00  .54728E-01 -.30163E+00 -.66020E+00 -.96958E+00
         -.11735E+01 -.12965E+01 -.13685E+01 -.14133E+01 -.14381E+01
         -.14567E+01 -.14650E+01 -.14665E+01
         -.34711E+01 -.33681E+01 -.17321E+01  .43888E+00  .16219E+01
          .22479E+01  .25659E+01  .27189E+01  .27829E+01  .27969E+01
          .27809E+01  .27449E+01  .26939E+01  .26339E+01  .25649E+01
          .24109E+01  .22389E+01  .18639E+01
         -.10114E+01  .32588E+01  .88443E+01  .70481E+01  .32114E+01
          .18144E+01  .85887E+00  .40209E+00  .13676E+00 -.13135E-01
         -.10822E+00 -.17799E+00 -.22382E+00 -.25873E+00 -.28925E+00
         -.32703E+00 -.35863E+00 -.38319E+00
         -.53082E+02 -.40185E+02 -.27289E+02 -.15575E+02 -.89390E+01
         -.51620E+01 -.29980E+01 -.17490E+01 -.10230E+01 -.60000E+00
         -.35600E+00 -.22200E+00 -.15700E+00 -.13700E+00 -.14700E+00
         -.22500E+00 -.34900E+00 -.67100E+00
          .51585E+02  .51585E+02  .51585E+02  .37397E+02  .19025E+02
          .11459E+02  .64316E+01  .37707E+01  .21858E+01  .12743E+01
          .72110E+00  .37733E+00  .15758E+00  .12350E-01 -.86978E-01
         -.21083E+00 -.28170E+00 -.34215E+00
         -.28850E+01 -.30240E+01 -.31690E+01 -.31420E+01 -.25730E+01
         -.22200E+01 -.21520E+01 -.22300E+01 -.23870E+01 -.26080E+01
         -.28810E+01 -.31920E+01 -.35250E+01 -.38710E+01 -.42250E+01
         -.49450E+01 -.56710E+01 -.71270E+01
         -.54495E+00 -.57810E+00 -.55065E+00  .13647E+01  .22438E+01
          .72401E+00 -.87841E-01 -.49264E+00 -.76160E+00 -.99696E+00
         -.11785E+01 -.12968E+01 -.13621E+01 -.14027E+01 -.14270E+01
         -.14487E+01 -.14543E+01 -.14569E+01
         -.32801E+01 -.31731E+01 -.21391E+01  .18888E+00  .14819E+01
          .21679E+01  .25169E+01  .26819E+01  .27479E+01  .27609E+01
          .27429E+01  .27059E+01  .26549E+01  .25939E+01  .25249E+01
          .23699E+01  .21979E+01  .18229E+01
         -.12518E+00  .15344E+01  .76797E+01  .80907E+01  .34093E+01
          .20201E+01  .93033E+00  .42658E+00  .13536E+00 -.20006E-01
         -.11533E+00 -.17866E+00 -.22603E+00 -.26120E+00 -.28915E+00
         -.32871E+00 -.35801E+00 -.38349E+00
         -.49401E+02 -.41336E+02 -.33271E+02 -.25207E+02 -.17142E+02
         -.98130E+01 -.56450E+01 -.32610E+01 -.18860E+01 -.10870E+01
         -.62200E+00 -.35300E+00 -.20400E+00 -.12900E+00 -.10200E+00
         -.13500E+00 -.23500E+00 -.53300E+00
          .32259E+02  .32259E+02  .32259E+02  .32259E+02  .32259E+02
          .23430E+02  .11985E+02  .72547E+01  .41042E+01  .24164E+01
          .13984E+01  .79823E+00  .42473E+00  .19085E+00  .35879E-01
         -.14697E+00 -.24601E+00 -.32399E+00
         -.27360E+01 -.28720E+01 -.30140E+01 -.30320E+01 -.24850E+01
         -.20960E+01 -.20150E+01 -.21010E+01 -.21790E+01 -.22260E+01
         -.23510E+01 -.25680E+01 -.28480E+01 -.31670E+01 -.35090E+01
         -.42260E+01 -.49610E+01 -.64430E+01
         -.54724E+00 -.53753E+00 -.63866E+00  .11722E+01  .22980E+01
          .86789E+00 -.12956E+00 -.40965E+00 -.19982E+00 -.29107E+00
         -.69992E+00 -.10133E+01 -.12110E+01 -.13307E+01 -.13982E+01
         -.14591E+01 -.14772E+01 -.14844E+01
         -.31251E+01 -.30151E+01 -.24451E+01 -.58120E-01  .13399E+01
          .20839E+01  .24649E+01  .26439E+01  .27189E+01  .27469E+01
          .27549E+01  .27489E+01  .27269E+01  .26919E+01  .26449E+01
          .25239E+01  .23749E+01  .20279E+01
          .53316E+00  .25369E+00  .66121E+01  .87819E+01  .36801E+01
          .22016E+01  .10135E+01  .46430E+00  .17728E+00  .62581E-01
          .43969E-02 -.56168E-01 -.11573E+00 -.16493E+00 -.20857E+00
         -.27272E+00 -.32056E+00 -.36022E+00
         -.57660E+02 -.48270E+02 -.38880E+02 -.29490E+02 -.20100E+02
         -.11568E+02 -.67220E+01 -.39550E+01 -.23630E+01 -.14400E+01
         -.90300E+00 -.59100E+00 -.41500E+00 -.32300E+00 -.28500E+00
         -.30600E+00 -.39900E+00 -.69000E+00
          .37560E+02  .37560E+02  .37560E+02  .37560E+02  .37560E+02
          .27264E+02  .13920E+02  .84107E+01  .47449E+01  .27897E+01
          .16165E+01  .93246E+00  .50968E+00  .24481E+00  .71065E-01
         -.13002E+00 -.23499E+00 -.31900E+00
         -.25310E+01 -.26640E+01 -.28000E+01 -.28280E+01 -.23400E+01
         -.19750E+01 -.19020E+01 -.20050E+01 -.21330E+01 -.22050E+01
         -.23220E+01 -.25260E+01 -.27970E+01 -.31100E+01 -.34480E+01
         -.41600E+01 -.48920E+01 -.63700E+01
         -.53864E+00 -.51872E+00 -.61450E+00  .10087E+01  .20997E+01
          .82849E+00 -.15766E+00 -.55786E+00 -.38292E+00 -.31047E+00
         -.64321E+00 -.96869E+00 -.11820E+01 -.13113E+01 -.13850E+01
         -.14517E+01 -.14723E+01 -.14809E+01
         -.29331E+01 -.28181E+01 -.23801E+01 -.92120E-01  .13009E+01
          .20439E+01  .24229E+01  .26009E+01  .26709E+01  .26919E+01
          .26929E+01  .26809E+01  .26569E+01  .26209E+01  .25739E+01
          .24519E+01  .23039E+01  .19569E+01
          .70233E+00 -.24653E-01  .60323E+01  .86075E+01  .37097E+01
          .21858E+01  .10112E+01  .45342E+00  .15112E+00  .34098E-01
         -.23514E-01 -.72043E-01 -.12031E+00 -.16670E+00 -.20890E+00
         -.27323E+00 -.31819E+00 -.36141E+00
         -.66741E+02 -.55892E+02 -.45042E+02 -.34193E+02 -.23344E+02
         -.13488E+02 -.78980E+01 -.47110E+01 -.28810E+01 -.18210E+01
         -.12050E+01 -.84600E+00 -.64200E+00 -.53200E+00 -.48200E+00
         -.49000E+00 -.57600E+00 -.86100E+00
          .43397E+02  .43397E+02  .43397E+02  .43397E+02  .43397E+02
          .31478E+02  .16042E+02  .96780E+01  .54501E+01  .32016E+01
          .18557E+01  .10758E+01  .59723E+00  .30329E+00  .10962E+00
         -.11227E+00 -.22454E+00 -.31523E+00
         -.24290E+01 -.25600E+01 -.26950E+01 -.27420E+01 -.22860E+01
         -.19120E+01 -.18310E+01 -.19350E+01 -.20960E+01 -.22040E+01
         -.23230E+01 -.25170E+01 -.27800E+01 -.30870E+01 -.34210E+01
         -.41300E+01 -.48590E+01 -.63340E+01
         -.53347E+00 -.50507E+00 -.63825E+00  .87408E+00  .20499E+01
          .88623E+00 -.13484E+00 -.62287E+00 -.55370E+00 -.39035E+00
         -.60889E+00 -.93009E+00 -.11547E+01 -.12909E+01 -.13735E+01
         -.14470E+01 -.14667E+01 -.14792E+01
         -.28261E+01 -.27101E+01 -.24301E+01 -.26512E+00  .11809E+01
          .19539E+01  .23489E+01  .25359E+01  .26089E+01  .26269E+01
          .26229E+01  .26069E+01  .25799E+01  .25419E+01  .24929E+01
          .23709E+01  .22219E+01  .18759E+01
          .87284E+00 -.35369E+00  .52939E+01  .85180E+01  .39660E+01
          .22462E+01  .10654E+01  .47608E+00  .15023E+00  .15006E-01
         -.42251E-01 -.86001E-01 -.12974E+00 -.17502E+00 -.21418E+00
         -.27290E+00 -.32022E+00 -.35889E+00
         -.75421E+02 -.63180E+02 -.50940E+02 -.38699E+02 -.26458E+02
         -.15339E+02 -.90380E+01 -.54500E+01 -.33930E+01 -.22050E+01
         -.15130E+01 -.11110E+01 -.88000E+00 -.75400E+00 -.69300E+00
         -.68900E+00 -.76900E+00 -.10480E+01
          .48963E+02  .48963E+02  .48963E+02  .48963E+02  .48963E+02
          .35502E+02  .18069E+02  .10889E+02  .61151E+01  .35907E+01
          .20822E+01  .12084E+01  .68030E+00  .35444E+00  .14596E+00
         -.96613E-01 -.21550E+00 -.31075E+00
         -.23370E+01 -.24670E+01 -.26000E+01 -.26360E+01 -.21860E+01
         -.18340E+01 -.17660E+01 -.18800E+01 -.20670E+01 -.22150E+01
         -.23480E+01 -.25400E+01 -.27980E+01 -.31010E+01 -.34320E+01
         -.41370E+01 -.48630E+01 -.63330E+01
         -.52702E+00 -.50597E+00 -.60510E+00  .89838E+00  .19796E+01
          .80729E+00 -.16874E+00 -.68431E+00 -.70600E+00 -.51168E+00
         -.61928E+00 -.91121E+00 -.11359E+01 -.12772E+01 -.13632E+01
         -.14404E+01 -.14611E+01 -.14744E+01
         -.27301E+01 -.26131E+01 -.23481E+01 -.26612E+00  .11549E+01
          .19129E+01  .23009E+01  .24829E+01  .25529E+01  .25659E+01
          .25539E+01  .25309E+01  .24979E+01  .24559E+01  .24049E+01
          .22789E+01  .21279E+01  .17809E+01
          .87017E+00 -.33633E+00  .50592E+01  .82637E+01  .39221E+01
          .21960E+01  .10459E+01  .46023E+00  .13715E+00 -.12835E-01
         -.73812E-01 -.11192E+00 -.15052E+00 -.18602E+00 -.22140E+00
         -.27954E+00 -.32244E+00 -.35928E+00
         -.84141E+02 -.70509E+02 -.56877E+02 -.43244E+02 -.29612E+02
         -.17230E+02 -.10218E+02 -.62300E+01 -.39470E+01 -.26290E+01
         -.18640E+01 -.14180E+01 -.11610E+01 -.10180E+01 -.94800E+00
         -.93200E+00 -.10060E+01 -.12800E+01
          .54529E+02  .54529E+02  .54529E+02  .54529E+02  .54529E+02
          .39526E+02  .20095E+02  .12093E+02  .67856E+01  .39768E+01
          .23032E+01  .13424E+01  .76325E+00  .40463E+00  .17423E+00
         -.78664E-01 -.20758E+00 -.30721E+00
         -.22550E+01 -.23850E+01 -.25150E+01 -.24910E+01 -.20200E+01
         -.17270E+01 -.16990E+01 -.18360E+01 -.20510E+01 -.22440E+01
         -.24060E+01 -.26060E+01 -.28630E+01 -.31640E+01 -.34930E+01
         -.41930E+01 -.49150E+01 -.63770E+01
         -.51259E+00 -.53482E+00 -.46812E+00  .11353E+01  .18669E+01
          .56511E+00 -.27534E+00 -.77176E+00 -.86161E+00 -.67780E+00
         -.68720E+00 -.91739E+00 -.11272E+01 -.12696E+01 -.13543E+01
         -.14310E+01 -.14536E+01 -.14662E+01
         -.26461E+01 -.25271E+01 -.21121E+01 -.35120E-01  .12579E+01
          .19449E+01  .22919E+01  .24519E+01  .25089E+01  .25119E+01
          .24889E+01  .24559E+01  .24139E+01  .23649E+01  .23079E+01
          .21739E+01  .20189E+01  .16659E+01
          .68553E+00  .56949E-01  .54947E+01  .78683E+01  .34720E+01
          .20038E+01  .92073E+00  .39725E+00  .94275E-01 -.54349E-01
         -.11688E+00 -.15014E+00 -.18257E+00 -.21160E+00 -.24304E+00
         -.29054E+00 -.32880E+00 -.36510E+00
         -.65440E+02 -.56382E+02 -.47324E+02 -.38266E+02 -.29208E+02
         -.20150E+02 -.11920E+02 -.72460E+01 -.45750E+01 -.30380E+01
         -.21460E+01 -.16260E+01 -.13250E+01 -.11560E+01 -.10680E+01
         -.10330E+01 -.10980E+01 -.13630E+01
          .36232E+02  .36232E+02  .36232E+02  .36232E+02  .36232E+02
          .36232E+02  .26296E+02  .13431E+02  .81208E+01  .45819E+01
          .26996E+01  .15639E+01  .89692E+00  .48844E+00  .23332E+00
         -.54787E-01 -.19417E+00 -.30042E+00
         -.21810E+01 -.23100E+01 -.24330E+01 -.22900E+01 -.18290E+01
         -.16180E+01 -.16440E+01 -.18120E+01 -.20560E+01 -.23080E+01
         -.25260E+01 -.27500E+01 -.30120E+01 -.33120E+01 -.36370E+01
         -.43290E+01 -.50430E+01 -.64880E+01
         -.47454E+00 -.59893E+00 -.15376E+00  .14540E+01  .15859E+01
          .26634E+00 -.43130E+00 -.86914E+00 -.10361E+01 -.93827E+00
         -.85078E+00 -.96260E+00 -.11308E+01 -.12581E+01 -.13367E+01
         -.14155E+01 -.14372E+01 -.14489E+01
         -.25691E+01 -.24491E+01 -.16401E+01  .31388E+00  .14239E+01
          .20079E+01  .22989E+01  .24269E+01  .24659E+01  .24559E+01
          .24219E+01  .23779E+01  .23299E+01  .22779E+01  .22189E+01
          .20849E+01  .19299E+01  .15789E+01
          .12587E+00  .11883E+01  .62691E+01  .68914E+01  .29335E+01
          .17027E+01  .75556E+00  .30302E+00  .36367E-01 -.10049E+00
         -.16241E+00 -.18585E+00 -.19817E+00 -.22147E+00 -.24795E+00
         -.28934E+00 -.32870E+00 -.36215E+00
         -.71403E+02 -.61488E+02 -.51573E+02 -.41659E+02 -.31744E+02
         -.21829E+02 -.12821E+02 -.77080E+01 -.47900E+01 -.31130E+01
         -.21410E+01 -.15750E+01 -.12460E+01 -.10600E+01 -.96100E+00
         -.91400E+00 -.97400E+00 -.12340E+01
          .39659E+02  .39659E+02  .39659E+02  .39659E+02  .39659E+02
          .39659E+02  .28778E+02  .14682E+02  .88655E+01  .49959E+01
          .29389E+01  .17044E+01  .98343E+00  .54189E+00  .26903E+00
         -.39932E-01 -.18730E+00 -.29635E+00
         -.21030E+01 -.22310E+01 -.23120E+01 -.19770E+01 -.16070E+01
         -.15120E+01 -.16080E+01 -.18150E+01 -.20760E+01 -.22970E+01
         -.24280E+01 -.25770E+01 -.27970E+01 -.30760E+01 -.33910E+01
         -.40790E+01 -.47970E+01 -.62560E+01
         -.45035E+00 -.63529E+00  .48352E+00  .17492E+01  .97965E+00
         -.87792E-01 -.64048E+00 -.98630E+00 -.10303E+01 -.67642E+00
         -.48802E+00 -.73151E+00 -.10139E+01 -.12007E+01 -.13113E+01
         -.14191E+01 -.14484E+01 -.14643E+01
         -.24911E+01 -.23521E+01 -.79012E+00  .80188E+00  .16639E+01
          .21099E+01  .23239E+01  .24089E+01  .24239E+01  .24019E+01
          .23649E+01  .23269E+01  .22919E+01  .22539E+01  .22099E+01
          .20989E+01  .19589E+01  .16279E+01
         -.91184E+00  .34917E+01  .73571E+01  .49278E+01  .23796E+01
          .12497E+01  .54143E+00  .17255E+00 -.31643E-01 -.12998E+00
         -.15642E+00 -.14434E+00 -.14221E+00 -.16280E+00 -.19058E+00
         -.25292E+00 -.30376E+00 -.34462E+00
         -.80110E+02 -.69003E+02 -.57896E+02 -.46789E+02 -.35682E+02
         -.24575E+02 -.14485E+02 -.87630E+01 -.55010E+01 -.36290E+01
         -.25460E+01 -.19160E+01 -.15490E+01 -.13390E+01 -.12270E+01
         -.11640E+01 -.12160E+01 -.14690E+01
          .44428E+02  .44428E+02  .44428E+02  .44428E+02  .44428E+02
          .44428E+02  .32224E+02  .16420E+02  .99043E+01  .55709E+01
          .32720E+01  .18971E+01  .11035E+01  .61273E+00  .30956E+00
         -.16804E-01 -.17634E+00 -.29133E+00
         -.20400E+01 -.21680E+01 -.22840E+01 -.21670E+01 -.18570E+01
         -.17450E+01 -.18220E+01 -.20160E+01 -.22700E+01 -.25060E+01
         -.26580E+01 -.28070E+01 -.30190E+01 -.32890E+01 -.35970E+01
         -.42720E+01 -.49780E+01 -.64160E+01
         -.47599E+00 -.58403E+00 -.11591E+00  .10597E+01  .10013E+01
         -.79250E-03 -.57811E+00 -.93875E+00 -.10429E+01 -.76970E+00
         -.53433E+00 -.70500E+00 -.97769E+00 -.11683E+01 -.12853E+01
         -.13937E+01 -.14257E+01 -.14441E+01
         -.24261E+01 -.23041E+01 -.14191E+01  .27788E+00  .12349E+01
          .17349E+01  .19779E+01  .20809E+01  .21049E+01  .20869E+01
          .20509E+01  .20159E+01  .19849E+01  .19549E+01  .19189E+01
          .18209E+01  .16919E+01  .13749E+01
         -.47824E-01  .15596E+01  .58932E+01  .58514E+01  .25491E+01
          .14362E+01  .62206E+00  .22755E+00 -.82531E-02 -.12254E+00
         -.14960E+00 -.13105E+00 -.11819E+00 -.12818E+00 -.16110E+00
         -.22907E+00 -.28461E+00 -.33320E+00
         -.91247E+02 -.78463E+02 -.65679E+02 -.52896E+02 -.40112E+02
         -.27328E+02 -.15716E+02 -.91370E+01 -.53930E+01 -.32480E+01
         -.20090E+01 -.12890E+01 -.86900E+00 -.62800E+00 -.49500E+00
         -.41100E+00 -.45300E+00 -.69800E+00
          .51135E+02  .51135E+02  .51135E+02  .51135E+02  .51135E+02
          .51135E+02  .37074E+02  .18861E+02  .11357E+02  .63776E+01
          .37403E+01  .21693E+01  .12627E+01  .71205E+00  .37712E+00
          .91665E-02 -.16179E+00 -.28661E+00
         -.19770E+01 -.21050E+01 -.22340E+01 -.23670E+01 -.25030E+01
         -.26460E+01 -.27960E+01 -.29510E+01 -.27930E+01 -.21620E+01
         -.18440E+01 -.18160E+01 -.19610E+01 -.22060E+01 -.25070E+01
         -.31910E+01 -.39180E+01 -.54040E+01
         -.51203E+00 -.51195E+00 -.52418E+00 -.53532E+00 -.56252E+00
         -.56258E+00 -.70317E+00 -.28473E+00  .18781E+01  .22403E+01
          .54865E+00 -.28291E+00 -.82101E+00 -.11130E+01 -.12789E+01
         -.14288E+01 -.14719E+01 -.14931E+01
         -.23631E+01 -.22411E+01 -.21231E+01 -.20081E+01 -.18991E+01
         -.17961E+01 -.17021E+01 -.15461E+01 -.38412E+00  .77388E+00
          .14869E+01  .19119E+01  .21619E+01  .23039E+01  .23769E+01
          .23999E+01  .23319E+01  .20679E+01
          .49152E+00  .48097E+00  .46462E+00  .45657E+00  .39709E+00
          .49905E+00 -.29292E-01  .26181E+01  .53728E+01  .37306E+01
          .21567E+01  .12987E+01  .74870E+00  .41055E+00  .18909E+00
         -.65650E-01 -.19649E+00 -.29775E+00
         -.99263E+02 -.85360E+02 -.71458E+02 -.57555E+02 -.43653E+02
         -.29750E+02 -.17123E+02 -.99740E+01 -.59080E+01 -.35810E+01
         -.22390E+01 -.14590E+01 -.10040E+01 -.74200E+00 -.59700E+00
         -.49900E+00 -.53500E+00 -.77400E+00
          .55610E+02  .55610E+02  .55610E+02  .55610E+02  .55610E+02
          .55610E+02  .40304E+02  .20487E+02  .12329E+02  .69120E+01
          .40505E+01  .23499E+01  .13698E+01  .77476E+00  .41514E+00
          .27662E-01 -.15379E+00 -.28161E+00
         -.20460E+01 -.21740E+01 -.23030E+01 -.24360E+01 -.25730E+01
         -.27180E+01 -.28720E+01 -.30330E+01 -.28620E+01 -.21840E+01
         -.18370E+01 -.17910E+01 -.19260E+01 -.21640E+01 -.24620E+01
         -.31420E+01 -.38680E+01 -.53540E+01
         -.51197E+00 -.51207E+00 -.52376E+00 -.53691E+00 -.56861E+00
         -.57264E+00 -.72884E+00 -.29200E+00  .20169E+01  .24126E+01
          .63287E+00 -.22805E+00 -.78868E+00 -.10932E+01 -.12703E+01
         -.14235E+01 -.14716E+01 -.14932E+01
         -.23971E+01 -.22751E+01 -.21571E+01 -.20421E+01 -.19331E+01
         -.18311E+01 -.17391E+01 -.15831E+01 -.35612E+00  .80688E+00
          .15069E+01  .19199E+01  .21629E+01  .22999E+01  .23699E+01
          .23899E+01  .23199E+01  .20549E+01
          .49147E+00  .48105E+00  .46431E+00  .45771E+00  .39285E+00
          .50290E+00 -.76443E-01  .27789E+01  .55569E+01  .36733E+01
          .21057E+01  .12600E+01  .72642E+00  .39433E+00  .18026E+00
         -.70195E-01 -.19947E+00 -.29776E+00
         -.68647E+02 -.60256E+02 -.51865E+02 -.43474E+02 -.35082E+02
         -.26691E+02 -.18300E+02 -.10675E+02 -.63410E+01 -.38620E+01
         -.24340E+01 -.16050E+01 -.11220E+01 -.84200E+00 -.68600E+00
         -.57700E+00 -.60800E+00 -.84300E+00
          .33565E+02  .33565E+02  .33565E+02  .33565E+02  .33565E+02
          .33565E+02  .33565E+02  .24371E+02  .12461E+02  .75410E+01
          .42588E+01  .25078E+01  .14540E+01  .83235E+00  .44862E+00
          .41554E-01 -.14684E+00 -.27908E+00
         -.19850E+01 -.21120E+01 -.22410E+01 -.23730E+01 -.25090E+01
         -.26520E+01 -.28030E+01 -.29600E+01 -.28000E+01 -.21470E+01
         -.18020E+01 -.17520E+01 -.18840E+01 -.21200E+01 -.24150E+01
         -.30930E+01 -.38180E+01 -.53010E+01
         -.50659E+00 -.51083E+00 -.52210E+00 -.53277E+00 -.56281E+00
         -.56398E+00 -.70925E+00 -.29500E+00  .19253E+01  .23499E+01
          .65096E+00 -.21379E+00 -.77978E+00 -.10831E+01 -.12599E+01
         -.14222E+01 -.14691E+01 -.14900E+01
         -.23371E+01 -.22151E+01 -.20961E+01 -.19801E+01 -.18691E+01
         -.17661E+01 -.16711E+01 -.15011E+01 -.25112E+00  .88488E+00
          .15569E+01  .19499E+01  .21769E+01  .23049E+01  .23689E+01
          .23829E+01  .23109E+01  .20439E+01
          .49030E+00  .48340E+00  .46810E+00  .46421E+00  .39907E+00
          .50750E+00 -.53075E-01  .28848E+01  .55539E+01  .35317E+01
          .20153E+01  .11870E+01  .67656E+00  .36673E+00  .16053E+00
         -.76620E-01 -.20205E+00 -.29948E+00
         -.75534E+02 -.66305E+02 -.57075E+02 -.47846E+02 -.38617E+02
         -.29387E+02 -.20158E+02 -.11772E+02 -.70090E+01 -.42890E+01
         -.27230E+01 -.18150E+01 -.12860E+01 -.98000E+00 -.80700E+00
         -.68000E+00 -.70300E+00 -.93100E+00
          .36917E+02  .36917E+02  .36917E+02  .36917E+02  .36917E+02
          .36917E+02  .36917E+02  .26797E+02  .13682E+02  .82705E+01
          .46677E+01  .27466E+01  .15900E+01  .91355E+00  .50382E+00
          .63948E-01 -.13562E+00 -.27419E+00
         -.19280E+01 -.20550E+01 -.21830E+01 -.23140E+01 -.24490E+01
         -.25900E+01 -.27390E+01 -.28930E+01 -.27740E+01 -.21620E+01
         -.18050E+01 -.17390E+01 -.18590E+01 -.20870E+01 -.23780E+01
         -.30510E+01 -.37730E+01 -.52520E+01
         -.50762E+00 -.50876E+00 -.51734E+00 -.52990E+00 -.55508E+00
         -.56178E+00 -.67780E+00 -.36301E+00  .17098E+01  .22957E+01
          .73537E+00 -.16119E+00 -.73860E+00 -.10604E+01 -.12478E+01
         -.14145E+01 -.14643E+01 -.14864E+01
         -.22811E+01 -.21591E+01 -.20391E+01 -.19221E+01 -.18101E+01
         -.17051E+01 -.16081E+01 -.14351E+01 -.20212E+00  .92188E+00
          .15789E+01  .19579E+01  .21769E+01  .22989E+01  .23589E+01
          .23689E+01  .22949E+01  .20269E+01
          .48926E+00  .48548E+00  .47281E+00  .46728E+00  .40608E+00
          .51240E+00 -.31670E-01  .28543E+01  .54865E+01  .34836E+01
          .19512E+01  .11436E+01  .65053E+00  .34632E+00  .14820E+00
         -.81856E-01 -.20478E+00 -.29961E+00
         -.83273E+02 -.73100E+02 -.62928E+02 -.52755E+02 -.42583E+02
         -.32410E+02 -.22238E+02 -.12996E+02 -.77510E+01 -.47590E+01
         -.30400E+01 -.20440E+01 -.14630E+01 -.11260E+01 -.93500E+00
         -.78900E+00 -.80300E+00 -.10240E+01
          .40690E+02  .40690E+02  .40690E+02  .40690E+02  .40690E+02
          .40690E+02  .40690E+02  .29524E+02  .15058E+02  .90887E+01
          .51193E+01  .30140E+01  .17488E+01  .10069E+01  .55954E+00
          .88901E-01 -.12315E+00 -.26993E+00
         -.18730E+01 -.20000E+01 -.21280E+01 -.22590E+01 -.23930E+01
         -.25320E+01 -.26800E+01 -.28300E+01 -.27210E+01 -.21580E+01
         -.18060E+01 -.17290E+01 -.18380E+01 -.20590E+01 -.23450E+01
         -.30130E+01 -.37320E+01 -.52070E+01
         -.50767E+00 -.50867E+00 -.51766E+00 -.52870E+00 -.54755E+00
         -.55709E+00 -.66807E+00 -.34661E+00  .15625E+01  .21605E+01
          .77547E+00 -.11437E+00 -.70200E+00 -.10376E+01 -.12315E+01
         -.14079E+01 -.14590E+01 -.14830E+01
         -.22281E+01 -.21051E+01 -.19851E+01 -.18671E+01 -.17541E+01
         -.16471E+01 -.15481E+01 -.13651E+01 -.14112E+00  .96388E+00
          .16059E+01  .19709E+01  .21779E+01  .22929E+01  .23489E+01
          .23539E+01  .22779E+01  .20089E+01
          .49466E+00  .48669E+00  .47459E+00  .47093E+00  .41367E+00
          .51439E+00  .77433E-03  .28665E+01  .54172E+01  .34128E+01
          .18955E+01  .10891E+01  .61218E+00  .32620E+00  .13502E+00
         -.88505E-01 -.20700E+00 -.30000E+00
         -.91180E+02 -.80044E+02 -.68907E+02 -.57770E+02 -.46633E+02
         -.35497E+02 -.24360E+02 -.14243E+02 -.85060E+01 -.52360E+01
         -.33590E+01 -.22740E+01 -.16410E+01 -.12740E+01 -.10640E+01
         -.89900E+00 -.90400E+00 -.11180E+01
          .44547E+02  .44547E+02  .44547E+02  .44547E+02  .44547E+02
          .44547E+02  .44547E+02  .32310E+02  .16461E+02  .99300E+01
          .55830E+01  .32821E+01  .19045E+01  .11000E+01  .61956E+00
          .11267E+00 -.11024E+00 -.26588E+00
         -.18220E+01 -.19490E+01 -.20770E+01 -.22060E+01 -.23400E+01
         -.24780E+01 -.26230E+01 -.27690E+01 -.26390E+01 -.21170E+01
         -.17890E+01 -.17140E+01 -.18170E+01 -.20330E+01 -.23160E+01
         -.29790E+01 -.36960E+01 -.51680E+01
         -.50694E+00 -.51012E+00 -.51258E+00 -.52356E+00 -.54916E+00
         -.54378E+00 -.67171E+00 -.26140E+00  .15253E+01  .19842E+01
          .73777E+00 -.99320E-01 -.67649E+00 -.10227E+01 -.12206E+01
         -.14007E+01 -.14565E+01 -.14798E+01
         -.21771E+01 -.20551E+01 -.19341E+01 -.18151E+01 -.17011E+01
         -.15931E+01 -.14921E+01 -.12891E+01 -.60120E-01  .10219E+01
          .16449E+01  .19939E+01  .21889E+01  .22939E+01  .23429E+01
          .23419E+01  .22629E+01  .19909E+01
          .48854E+00  .48693E+00  .47976E+00  .47404E+00  .42007E+00
          .50968E+00  .49199E-01  .29415E+01  .53687E+01  .33156E+01
          .18290E+01  .10325E+01  .56906E+00  .29128E+00  .11382E+00
         -.95502E-01 -.21182E+00 -.30209E+00
         -.98908E+02 -.86829E+02 -.74751E+02 -.62672E+02 -.50593E+02
         -.38515E+02 -.26436E+02 -.15464E+02 -.92450E+01 -.57030E+01
         -.36730E+01 -.24990E+01 -.18170E+01 -.14190E+01 -.11910E+01
         -.10080E+01 -.10050E+01 -.12120E+01
          .48315E+02  .48315E+02  .48315E+02  .48315E+02  .48315E+02
          .48315E+02  .48315E+02  .35035E+02  .17838E+02  .10747E+02
          .60392E+01  .35445E+01  .20549E+01  .11958E+01  .67384E+00
          .13532E+00 -.99115E-01 -.26094E+00
         -.17730E+01 -.19000E+01 -.20270E+01 -.21570E+01 -.22890E+01
         -.24260E+01 -.25700E+01 -.27100E+01 -.25430E+01 -.20480E+01
         -.17540E+01 -.16900E+01 -.17940E+01 -.20090E+01 -.22890E+01
         -.29500E+01 -.36640E+01 -.51320E+01
         -.50885E+00 -.50630E+00 -.51394E+00 -.52193E+00 -.54234E+00
         -.53673E+00 -.68275E+00 -.14029E+00  .15679E+01  .18127E+01
          .64919E+00 -.11349E+00 -.67522E+00 -.10136E+01 -.12102E+01
         -.13974E+01 -.14500E+01 -.14770E+01
         -.21301E+01 -.20071E+01 -.18851E+01 -.17661E+01 -.16511E+01
         -.15421E+01 -.14401E+01 -.12091E+01  .33880E-01  .10869E+01
          .16919E+01  .20239E+01  .22049E+01  .22989E+01  .23409E+01
          .23309E+01  .22479E+01  .19729E+01
          .49221E+00  .49157E+00  .48149E+00  .47445E+00  .42869E+00
          .49879E+00  .10816E+00  .30646E+01  .53215E+01  .32014E+01
          .17689E+01  .96692E+00  .51941E+00  .25543E+00  .90858E-01
         -.10801E+00 -.21681E+00 -.30409E+00
         -.10664E+03 -.93622E+02 -.80601E+02 -.67579E+02 -.54557E+02
         -.41536E+02 -.28514E+02 -.16686E+02 -.99850E+01 -.61720E+01
         -.39880E+01 -.27280E+01 -.19940E+01 -.15670E+01 -.13220E+01
         -.11200E+01 -.11090E+01 -.13100E+01
          .52087E+02  .52087E+02  .52087E+02  .52087E+02  .52087E+02
          .52087E+02  .52087E+02  .37763E+02  .19210E+02  .11566E+02
          .64886E+01  .38071E+01  .22109E+01  .12812E+01  .72833E+00
          .15963E+00 -.88867E-01 -.25707E+00
         -.17270E+01 -.18530E+01 -.19810E+01 -.21100E+01 -.22410E+01
         -.23770E+01 -.25200E+01 -.26560E+01 -.24620E+01 -.19780E+01
         -.17130E+01 -.16620E+01 -.17710E+01 -.19850E+01 -.22640E+01
         -.29230E+01 -.36350E+01 -.51000E+01
         -.50214E+00 -.50772E+00 -.51497E+00 -.51639E+00 -.53948E+00
         -.52970E+00 -.68971E+00 -.59441E-01  .16235E+01  .17015E+01
          .55843E+00 -.14324E+00 -.68148E+00 -.10068E+01 -.12072E+01
         -.13931E+01 -.14464E+01 -.14743E+01
         -.20841E+01 -.19611E+01 -.18391E+01 -.17201E+01 -.16041E+01
         -.14931E+01 -.13901E+01 -.11451E+01  .89880E-01  .11289E+01
          .17259E+01  .20489E+01  .22199E+01  .23059E+01  .23409E+01
          .23209E+01  .22329E+01  .19539E+01
          .49219E+00  .49162E+00  .48133E+00  .47507E+00  .43840E+00
          .49535E+00  .14821E+00  .30878E+01  .52605E+01  .31582E+01
          .17388E+01  .92659E+00  .48285E+00  .22602E+00  .65053E-01
         -.12236E+00 -.22359E+00 -.30670E+00
         -.73559E+02 -.65620E+02 -.57682E+02 -.49743E+02 -.41805E+02
         -.33866E+02 -.25928E+02 -.17989E+02 -.10775E+02 -.66730E+01
         -.43250E+01 -.29720E+01 -.21850E+01 -.17270E+01 -.14620E+01
         -.12420E+01 -.12220E+01 -.14170E+01
          .31754E+02  .31754E+02  .31754E+02  .31754E+02  .31754E+02
          .31754E+02  .31754E+02  .31754E+02  .23060E+02  .11799E+02
          .71435E+01  .40388E+01  .23813E+01  .13759E+01  .79120E+00
          .18104E+00 -.75380E-01 -.25481E+00
         -.16830E+01 -.18090E+01 -.19360E+01 -.20650E+01 -.21960E+01
         -.23310E+01 -.24720E+01 -.26080E+01 -.24240E+01 -.19360E+01
         -.16800E+01 -.16380E+01 -.17490E+01 -.19630E+01 -.22420E+01
         -.28980E+01 -.36090E+01 -.50700E+01
         -.50348E+00 -.50504E+00 -.51236E+00 -.51752E+00 -.53756E+00
         -.52425E+00 -.67746E+00 -.89925E-01  .16132E+01  .17013E+01
          .50964E+00 -.16385E+00 -.68224E+00 -.10072E+01 -.12049E+01
         -.13880E+01 -.14450E+01 -.14690E+01
         -.20411E+01 -.19181E+01 -.17961E+01 -.16761E+01 -.15591E+01
         -.14471E+01 -.13421E+01 -.11181E+01  .68880E-01  .11189E+01
          .17289E+01  .20569E+01  .22259E+01  .23069E+01  .23359E+01
          .23089E+01  .22149E+01  .19319E+01
          .49245E+00  .49109E+00  .48318E+00  .48019E+00  .44005E+00
          .50760E+00  .13353E+00  .29063E+01  .51734E+01  .32442E+01
          .17700E+01  .93190E+00  .46642E+00  .20243E+00  .43873E-01
         -.13409E+00 -.23351E+00 -.30774E+00
         -.78614E+02 -.70133E+02 -.61652E+02 -.53172E+02 -.44691E+02
         -.36210E+02 -.27730E+02 -.19249E+02 -.11543E+02 -.71640E+01
         -.46590E+01 -.32170E+01 -.23790E+01 -.18910E+01 -.16090E+01
         -.13700E+01 -.13430E+01 -.15320E+01
          .33923E+02  .33923E+02  .33923E+02  .33923E+02  .33923E+02
          .33923E+02  .33923E+02  .33923E+02  .24627E+02  .12591E+02
          .76179E+01  .43014E+01  .25365E+01  .14647E+01  .84466E+00
          .20459E+00 -.67034E-01 -.24998E+00
         -.16410E+01 -.17670E+01 -.18940E+01 -.20220E+01 -.21520E+01
         -.22870E+01 -.24270E+01 -.25540E+01 -.23030E+01 -.18290E+01
         -.16130E+01 -.15990E+01 -.17240E+01 -.19440E+01 -.22250E+01
         -.28820E+01 -.35910E+01 -.50490E+01
         -.50324E+00 -.50552E+00 -.51067E+00 -.51181E+00 -.53808E+00
         -.51588E+00 -.69841E+00  .10552E+00  .17643E+01  .15372E+01
          .36699E+00 -.24513E+00 -.71847E+00 -.10210E+01 -.12096E+01
         -.13865E+01 -.14404E+01 -.14668E+01
         -.20001E+01 -.18761E+01 -.17541E+01 -.16341E+01 -.15161E+01
         -.14041E+01 -.12971E+01 -.10171E+01  .20588E+00  .12099E+01
          .17899E+01  .20979E+01  .22519E+01  .23209E+01  .23409E+01
          .23009E+01  .21999E+01  .19109E+01
          .49750E+00  .49301E+00  .48247E+00  .48110E+00  .44912E+00
          .48242E+00  .24920E+00  .31648E+01  .51277E+01  .30484E+01
          .16867E+01  .86093E+00  .41363E+00  .16057E+00  .12094E-01
         -.15370E+00 -.24329E+00 -.31185E+00
         -.83570E+02 -.74559E+02 -.65549E+02 -.56539E+02 -.47529E+02
         -.38518E+02 -.29508E+02 -.20498E+02 -.12311E+02 -.76600E+01
         -.50020E+01 -.34730E+01 -.25850E+01 -.20680E+01 -.17690E+01
         -.15130E+01 -.14780E+01 -.16610E+01
          .36041E+02  .36041E+02  .36041E+02  .36041E+02  .36041E+02
          .36041E+02  .36041E+02  .36041E+02  .26162E+02  .13367E+02
          .80795E+01  .45593E+01  .26872E+01  .15520E+01  .89698E+00
          .22621E+00 -.55802E-01 -.24660E+00
         -.16000E+01 -.17260E+01 -.18530E+01 -.19810E+01 -.21110E+01
         -.22450E+01 -.23840E+01 -.25030E+01 -.22070E+01 -.17410E+01
         -.15500E+01 -.15600E+01 -.16990E+01 -.19270E+01 -.22110E+01
         -.28690E+01 -.35770E+01 -.50320E+01
         -.50323E+00 -.50555E+00 -.51059E+00 -.51210E+00 -.53700E+00
         -.50791E+00 -.70735E+00  .24132E+00  .18661E+01  .14384E+01
          .26417E+00 -.32312E+00 -.75968E+00 -.10422E+01 -.12157E+01
         -.13857E+01 -.14377E+01 -.14637E+01
         -.19601E+01 -.18371E+01 -.17141E+01 -.15941E+01 -.14761E+01
         -.13621E+01 -.12541E+01 -.93312E+00  .29488E+00  .12679E+01
          .18319E+01  .21289E+01  .22729E+01  .23329E+01  .23449E+01
          .22929E+01  .21849E+01  .18879E+01
          .49118E+00  .49364E+00  .48627E+00  .47728E+00  .46059E+00
          .46436E+00  .34599E+00  .32997E+01  .50433E+01  .29393E+01
          .16437E+01  .81812E+00  .37587E+00  .12639E+00 -.17443E-01
         -.17213E+00 -.25404E+00 -.31848E+00
         -.88663E+02 -.79111E+02 -.69558E+02 -.60006E+02 -.50454E+02
         -.40902E+02 -.31349E+02 -.21797E+02 -.13118E+02 -.81900E+01
         -.53760E+01 -.37580E+01 -.28200E+01 -.22730E+01 -.19560E+01
         -.16830E+01 -.16410E+01 -.18180E+01
          .38209E+02  .38209E+02  .38209E+02  .38209E+02  .38209E+02
          .38209E+02  .38209E+02  .38209E+02  .27730E+02  .14156E+02
          .85520E+01  .48203E+01  .28389E+01  .16443E+01  .95189E+00
          .24606E+00 -.46112E-01 -.24244E+00
         -.15620E+01 -.16880E+01 -.18140E+01 -.19420E+01 -.20720E+01
         -.22050E+01 -.23430E+01 -.24540E+01 -.21190E+01 -.16590E+01
         -.14890E+01 -.15200E+01 -.16750E+01 -.19110E+01 -.22000E+01
         -.28600E+01 -.35680E+01 -.50180E+01
         -.50457E+00 -.50286E+00 -.50800E+00 -.51314E+00 -.53543E+00
         -.50115E+00 -.71199E+00  .36110E+00  .19556E+01  .13566E+01
          .17809E+00 -.40096E+00 -.80626E+00 -.10660E+01 -.12298E+01
         -.13855E+01 -.14364E+01 -.14568E+01
         -.19221E+01 -.17991E+01 -.16761E+01 -.15551E+01 -.14371E+01
         -.13221E+01 -.12131E+01 -.85312E+00  .37288E+00  .13189E+01
          .18679E+01  .21559E+01  .22919E+01  .23439E+01  .23489E+01
          .22849E+01  .21679E+01  .18629E+01
          .49163E+00  .49273E+00  .48945E+00  .47747E+00  .46866E+00
          .44389E+00  .44378E+00  .34090E+01  .49522E+01  .28462E+01
          .16031E+01  .78530E+00  .34367E+00  .96020E-01 -.43749E-01
         -.19354E+00 -.26807E+00 -.32346E+00
         -.93814E+02 -.83718E+02 -.73623E+02 -.63527E+02 -.53432E+02
         -.43336E+02 -.33241E+02 -.23145E+02 -.13973E+02 -.87680E+01
         -.57980E+01 -.40910E+01 -.31020E+01 -.25260E+01 -.21920E+01
         -.19010E+01 -.18520E+01 -.20240E+01
          .40382E+02  .40382E+02  .40382E+02  .40382E+02  .40382E+02
          .40382E+02  .40382E+02  .40382E+02  .29299E+02  .14944E+02
          .90239E+01  .50842E+01  .29912E+01  .17308E+01  .10054E+01
          .26802E+00 -.37462E-01 -.23927E+00
         -.15250E+01 -.16500E+01 -.17770E+01 -.19050E+01 -.20340E+01
         -.21660E+01 -.23030E+01 -.24070E+01 -.20400E+01 -.15850E+01
         -.14320E+01 -.14810E+01 -.16520E+01 -.18980E+01 -.21920E+01
         -.28570E+01 -.35630E+01 -.50100E+01
         -.49822E+00 -.50356E+00 -.51156E+00 -.51022E+00 -.53156E+00
         -.49555E+00 -.71423E+00  .46046E+00  .20284E+01  .12900E+01
          .10749E+00 -.47199E+00 -.85955E+00 -.10938E+01 -.12451E+01
         -.13876E+01 -.14304E+01 -.14553E+01
         -.18861E+01 -.17621E+01 -.16401E+01 -.15181E+01 -.13991E+01
         -.12841E+01 -.11741E+01 -.77912E+00  .43888E+00  .13599E+01
          .18969E+01  .21779E+01  .23079E+01  .23539E+01  .23519E+01
          .22749E+01  .21499E+01  .18359E+01
          .49839E+00  .49121E+00  .48875E+00  .48179E+00  .47609E+00
          .42183E+00  .53658E+00  .34918E+01  .48520E+01  .27680E+01
          .15720E+01  .75986E+00  .32054E+00  .69999E-01 -.72532E-01
         -.21480E+00 -.28025E+00 -.33087E+00
         -.98666E+02 -.88040E+02 -.77415E+02 -.66790E+02 -.56164E+02
         -.45539E+02 -.34913E+02 -.24288E+02 -.14635E+02 -.91590E+01
         -.60370E+01 -.42430E+01 -.32050E+01 -.26000E+01 -.22490E+01
         -.19410E+01 -.18850E+01 -.20520E+01
          .42502E+02  .42502E+02  .42502E+02  .42502E+02  .42502E+02
          .42502E+02  .42502E+02  .42502E+02  .30833E+02  .15715E+02
          .94843E+01  .53401E+01  .31393E+01  .18188E+01  .10576E+01
          .28868E+00 -.28337E-01 -.23633E+00
         -.14890E+01 -.16150E+01 -.17410E+01 -.18690E+01 -.19980E+01
         -.21300E+01 -.22660E+01 -.23630E+01 -.19740E+01 -.15220E+01
         -.13790E+01 -.14440E+01 -.16290E+01 -.18870E+01 -.21890E+01
         -.28580E+01 -.35640E+01 -.50050E+01
         -.50466E+00 -.50268E+00 -.50861E+00 -.51089E+00 -.53184E+00
         -.49377E+00 -.70910E+00  .53417E+00  .20764E+01  .12522E+01
          .54947E-01 -.53595E+00 -.91115E+00 -.11354E+01 -.12671E+01
         -.13886E+01 -.14284E+01 -.14473E+01
         -.18511E+01 -.17271E+01 -.16041E+01 -.14831E+01 -.13641E+01
         -.12481E+01 -.11361E+01 -.71812E+00  .48688E+00  .13889E+01
          .19179E+01  .21949E+01  .23209E+01  .23629E+01  .23579E+01
          .22769E+01  .21479E+01  .18309E+01
          .49673E+00  .49454E+00  .48910E+00  .47704E+00  .48273E+00
          .41205E+00  .60508E+00  .35276E+01  .47604E+01  .27146E+01
          .15532E+01  .74473E+00  .30391E+00  .55632E-01 -.82435E-01
         -.22266E+00 -.28694E+00 -.33203E+00
         -.79845E+02 -.72084E+02 -.64323E+02 -.56561E+02 -.48800E+02
         -.41039E+02 -.33278E+02 -.25516E+02 -.17755E+02 -.10702E+02
         -.66910E+01 -.43940E+01 -.30700E+01 -.23000E+01 -.18510E+01
         -.14490E+01 -.13540E+01 -.14920E+01
          .31045E+02  .31045E+02  .31045E+02  .31045E+02  .31045E+02
          .31045E+02  .31045E+02  .31045E+02  .31045E+02  .22546E+02
          .11540E+02  .69900E+01  .39519E+01  .23304E+01  .13544E+01
          .40095E+00  .23836E-01 -.21892E+00
         -.14550E+01 -.15810E+01 -.17070E+01 -.18340E+01 -.19630E+01
         -.20940E+01 -.22300E+01 -.23220E+01 -.19120E+01 -.14630E+01
         -.13200E+01 -.13510E+01 -.14640E+01 -.16470E+01 -.18950E+01
         -.25170E+01 -.32160E+01 -.46740E+01
         -.50427E+00 -.50346E+00 -.50588E+00 -.50900E+00 -.53011E+00
         -.49054E+00 -.71171E+00  .60140E+00  .21221E+01  .12182E+01
          .10924E+00 -.31113E+00 -.59271E+00 -.87001E+00 -.10992E+01
         -.13486E+01 -.14323E+01 -.14708E+01
         -.18181E+01 -.16941E+01 -.15711E+01 -.14491E+01 -.13291E+01
         -.12131E+01 -.11001E+01 -.65912E+00  .53188E+00  .14149E+01
          .19399E+01  .22239E+01  .23649E+01  .24299E+01  .24549E+01
          .24369E+01  .23569E+01  .20949E+01
          .49704E+00  .49393E+00  .49126E+00  .48105E+00  .48854E+00
          .39677E+00  .67238E+00  .35617E+01  .46648E+01  .26671E+01
          .15629E+01  .78935E+00  .37972E+00  .16378E+00  .45150E-01
         -.10647E+00 -.20729E+00 -.28936E+00
         -.83400E+02 -.75294E+02 -.67188E+02 -.59082E+02 -.50976E+02
         -.42870E+02 -.34765E+02 -.26659E+02 -.18553E+02 -.11187E+02
         -.69990E+01 -.46030E+01 -.32220E+01 -.24200E+01 -.19520E+01
         -.15320E+01 -.14290E+01 -.15620E+01
          .32423E+02  .32423E+02  .32423E+02  .32423E+02  .32423E+02
          .32423E+02  .32423E+02  .32423E+02  .32423E+02  .23545E+02
          .12043E+02  .72903E+01  .41197E+01  .24269E+01  .14126E+01
          .42267E+00  .34758E-01 -.21688E+00
         -.14100E+01 -.15360E+01 -.16620E+01 -.17890E+01 -.19180E+01
         -.20480E+01 -.21830E+01 -.22610E+01 -.18360E+01 -.14140E+01
         -.12920E+01 -.13400E+01 -.14640E+01 -.16520E+01 -.19010E+01
         -.25220E+01 -.32190E+01 -.46740E+01
         -.50423E+00 -.50353E+00 -.50564E+00 -.50991E+00 -.52673E+00
         -.49116E+00 -.68863E+00  .68967E+00  .20939E+01  .10985E+01
          .39897E-01 -.37013E+00 -.62339E+00 -.88030E+00 -.10994E+01
         -.13450E+01 -.14284E+01 -.14683E+01
         -.17771E+01 -.16531E+01 -.15301E+01 -.14081E+01 -.12871E+01
         -.11711E+01 -.10561E+01 -.56312E+00  .59888E+00  .14419E+01
          .19449E+01  .22159E+01  .23489E+01  .24079E+01  .24279E+01
          .24039E+01  .23229E+01  .20599E+01
          .49703E+00  .49394E+00  .49123E+00  .48116E+00  .50015E+00
          .36225E+00  .82285E+00  .36423E+01  .44678E+01  .25465E+01
          .14981E+01  .74917E+00  .35325E+00  .14182E+00  .27474E-01
         -.11248E+00 -.20755E+00 -.29072E+00
         -.87029E+02 -.78572E+02 -.70114E+02 -.61657E+02 -.53199E+02
         -.44742E+02 -.36284E+02 -.27827E+02 -.19369E+02 -.11684E+02
         -.73170E+01 -.48190E+01 -.33800E+01 -.25450E+01 -.20580E+01
         -.16190E+01 -.15090E+01 -.16370E+01
          .33830E+02  .33830E+02  .33830E+02  .33830E+02  .33830E+02
          .33830E+02  .33830E+02  .33830E+02  .33830E+02  .24560E+02
          .12555E+02  .75995E+01  .42907E+01  .25256E+01  .14710E+01
          .44493E+00  .43299E-01 -.21365E+00
         -.13780E+01 -.15040E+01 -.16300E+01 -.17570E+01 -.18850E+01
         -.20160E+01 -.21490E+01 -.22290E+01 -.18160E+01 -.14000E+01
         -.12810E+01 -.13350E+01 -.14650E+01 -.16560E+01 -.19060E+01
         -.25270E+01 -.32240E+01 -.46770E+01
         -.50437E+00 -.50326E+00 -.50659E+00 -.50637E+00 -.52794E+00
         -.48986E+00 -.68062E+00  .65633E+00  .20513E+01  .10865E+01
          .22671E-01 -.39720E+00 -.64189E+00 -.88724E+00 -.11011E+01
         -.13447E+01 -.14280E+01 -.14655E+01
         -.17451E+01 -.16221E+01 -.14981E+01 -.13761E+01 -.12551E+01
         -.11381E+01 -.10221E+01 -.53912E+00  .59488E+00  .14219E+01
          .19209E+01  .21909E+01  .23229E+01  .23789E+01  .23969E+01
          .23689E+01  .22859E+01  .20229E+01
          .49061E+00  .49477E+00  .49430E+00  .48003E+00  .50157E+00
          .36969E+00  .81566E+00  .35557E+01  .43657E+01  .25136E+01
          .14919E+01  .74689E+00  .34458E+00  .13079E+00  .20271E-01
         -.11920E+00 -.20947E+00 -.28976E+00
         -.90647E+02 -.81840E+02 -.73033E+02 -.64226E+02 -.55419E+02
         -.46611E+02 -.37804E+02 -.28997E+02 -.20190E+02 -.12187E+02
         -.76390E+01 -.50410E+01 -.35440E+01 -.26760E+01 -.21700E+01
         -.17120E+01 -.15950E+01 -.17170E+01
          .35229E+02  .35229E+02  .35229E+02  .35229E+02  .35229E+02
          .35229E+02  .35229E+02  .35229E+02  .35229E+02  .25579E+02
          .13068E+02  .79022E+01  .44635E+01  .26237E+01  .15296E+01
          .46707E+00  .52158E-01 -.20908E+00
         -.13470E+01 -.14730E+01 -.15990E+01 -.17260E+01 -.18540E+01
         -.19840E+01 -.21170E+01 -.21920E+01 -.17800E+01 -.13760E+01
         -.12660E+01 -.13280E+01 -.14670E+01 -.16640E+01 -.19160E+01
         -.25370E+01 -.32340E+01 -.46850E+01
         -.50434E+00 -.50333E+00 -.50635E+00 -.50727E+00 -.52458E+00
         -.49042E+00 -.66976E+00  .67347E+00  .20199E+01  .10389E+01
         -.75974E-02 -.43253E+00 -.67427E+00 -.90238E+00 -.11042E+01
         -.13440E+01 -.14277E+01 -.14626E+01
         -.17151E+01 -.15911E+01 -.14681E+01 -.13451E+01 -.12241E+01
         -.11071E+01 -.99012E+00 -.49412E+00  .61388E+00  .14179E+01
          .19069E+01  .21719E+01  .22999E+01  .23529E+01  .23669E+01
          .23339E+01  .22479E+01  .19839E+01
          .49744E+00  .49313E+00  .49406E+00  .48264E+00  .50336E+00
          .35991E+00  .86501E+00  .35360E+01  .42388E+01  .24527E+01
          .14664E+01  .72954E+00  .33140E+00  .11688E+00  .51001E-02
         -.12635E+00 -.21369E+00 -.28916E+00
         -.94290E+02 -.85131E+02 -.75972E+02 -.66813E+02 -.57655E+02
         -.48496E+02 -.39337E+02 -.30178E+02 -.21019E+02 -.12697E+02
         -.79700E+01 -.52700E+01 -.37160E+01 -.28140E+01 -.22890E+01
         -.18130E+01 -.16880E+01 -.18060E+01
          .36636E+02  .36636E+02  .36636E+02  .36636E+02  .36636E+02
          .36636E+02  .36636E+02  .36636E+02  .36636E+02  .26593E+02
          .13581E+02  .82082E+01  .46345E+01  .27259E+01  .15858E+01
          .48941E+00  .62579E-01 -.20829E+00
         -.13170E+01 -.14430E+01 -.15690E+01 -.16950E+01 -.18230E+01
         -.19530E+01 -.20860E+01 -.21580E+01 -.17470E+01 -.13530E+01
         -.12510E+01 -.13220E+01 -.14700E+01 -.16730E+01 -.19280E+01
         -.25510E+01 -.32470E+01 -.46950E+01
         -.50397E+00 -.50407E+00 -.50377E+00 -.50487E+00 -.52477E+00
         -.49205E+00 -.66305E+00  .68423E+00  .19941E+01  .99924E+00
         -.39090E-01 -.47088E+00 -.70540E+00 -.91954E+00 -.11124E+01
         -.13442E+01 -.14246E+01 -.14597E+01
         -.16861E+01 -.15621E+01 -.14381E+01 -.13151E+01 -.11951E+01
         -.10761E+01 -.95812E+00 -.45212E+00  .63188E+00  .14139E+01
          .18929E+01  .21529E+01  .22779E+01  .23279E+01  .23379E+01
          .22989E+01  .22089E+01  .19419E+01
          .49625E+00  .49550E+00  .49774E+00  .47753E+00  .50813E+00
          .35794E+00  .90411E+00  .35136E+01  .41214E+01  .23926E+01
          .14402E+01  .71479E+00  .32069E+00  .10245E+00 -.10493E-01
         -.13594E+00 -.21975E+00 -.29063E+00
         -.97874E+02 -.88370E+02 -.78867E+02 -.69363E+02 -.59859E+02
         -.50355E+02 -.40852E+02 -.31348E+02 -.21844E+02 -.13209E+02
         -.83060E+01 -.55070E+01 -.38970E+01 -.29630E+01 -.24190E+01
         -.19250E+01 -.17930E+01 -.19060E+01
          .38015E+02  .38015E+02  .38015E+02  .38015E+02  .38015E+02
          .38015E+02  .38015E+02  .38015E+02  .38015E+02  .27590E+02
          .14082E+02  .85066E+01  .47996E+01  .28231E+01  .16439E+01
          .51009E+00  .71694E-01 -.20535E+00
         -.12880E+01 -.14140E+01 -.15400E+01 -.16660E+01 -.17940E+01
         -.19240E+01 -.20560E+01 -.21190E+01 -.17030E+01 -.13240E+01
         -.12330E+01 -.13140E+01 -.14730E+01 -.16840E+01 -.19440E+01
         -.25700E+01 -.32650E+01 -.47100E+01
         -.50396E+00 -.50408E+00 -.50373E+00 -.50501E+00 -.52422E+00
         -.49410E+00 -.64338E+00  .72761E+00  .19689E+01  .93662E+00
         -.75434E-01 -.51488E+00 -.74503E+00 -.94501E+00 -.11269E+01
         -.13444E+01 -.14216E+01 -.14567E+01
         -.16571E+01 -.15331E+01 -.14091E+01 -.12871E+01 -.11661E+01
         -.10471E+01 -.92812E+00 -.39412E+00  .66588E+00  .14219E+01
          .18869E+01  .21399E+01  .22599E+01  .23049E+01  .23109E+01
          .22629E+01  .21679E+01  .18989E+01
          .49584E+00  .49632E+00  .49489E+00  .47612E+00  .51664E+00
          .33732E+00  .99006E+00  .35384E+01  .39843E+01  .23166E+01
          .14015E+01  .69351E+00  .30046E+00  .84630E-01 -.26984E-01
         -.15135E+00 -.22560E+00 -.29070E+00
         -.10242E+03 -.92474E+02 -.82533E+02 -.72592E+02 -.62651E+02
         -.52710E+02 -.42769E+02 -.32828E+02 -.22887E+02 -.13855E+02
         -.87280E+01 -.58030E+01 -.41210E+01 -.31460E+01 -.25790E+01
         -.20620E+01 -.19210E+01 -.20280E+01
          .39764E+02  .39764E+02  .39764E+02  .39764E+02  .39764E+02
          .39764E+02  .39764E+02  .39764E+02  .39764E+02  .28856E+02
          .14720E+02  .88877E+01  .50130E+01  .29443E+01  .17139E+01
          .53779E+00  .82895E-01 -.20195E+00
         -.12600E+01 -.13860E+01 -.15120E+01 -.16380E+01 -.17660E+01
         -.18950E+01 -.20270E+01 -.20870E+01 -.16740E+01 -.13030E+01
         -.12180E+01 -.13070E+01 -.14780E+01 -.16980E+01 -.19640E+01
         -.25930E+01 -.32870E+01 -.47280E+01
         -.50393E+00 -.50414E+00 -.50350E+00 -.50585E+00 -.52108E+00
         -.49382E+00 -.63564E+00  .73239E+00  .19421E+01  .90734E+00
         -.99422E-01 -.55765E+00 -.78997E+00 -.97445E+00 -.11442E+01
         -.13438E+01 -.14185E+01 -.14522E+01
         -.16301E+01 -.15061E+01 -.13821E+01 -.12591E+01 -.11381E+01
         -.10191E+01 -.89812E+00 -.35812E+00  .68088E+00  .14179E+01
          .18739E+01  .21229E+01  .22399E+01  .22819E+01  .22829E+01
          .22269E+01  .21259E+01  .18519E+01
          .49621E+00  .49558E+00  .49748E+00  .47851E+00  .51650E+00
          .33550E+00  .10215E+01  .35105E+01  .38846E+01  .22631E+01
          .13790E+01  .68082E+00  .28969E+00  .68407E-01 -.47321E-01
         -.16489E+00 -.23513E+00 -.29343E+00
         -.10618E+03 -.95880E+02 -.85581E+02 -.75281E+02 -.64982E+02
         -.54682E+02 -.44383E+02 -.34083E+02 -.23784E+02 -.14427E+02
         -.91180E+01 -.60890E+01 -.43490E+01 -.33410E+01 -.27540E+01
         -.22190E+01 -.20710E+01 -.21720E+01
          .41198E+02  .41198E+02  .41198E+02  .41198E+02  .41198E+02
          .41198E+02  .41198E+02  .41198E+02  .41198E+02  .29888E+02
          .15242E+02  .92010E+01  .51823E+01  .30457E+01  .17748E+01
          .55765E+00  .92582E-01 -.19779E+00
         -.12330E+01 -.13580E+01 -.14840E+01 -.16100E+01 -.17380E+01
         -.18670E+01 -.19980E+01 -.20670E+01 -.16740E+01 -.13020E+01
         -.12130E+01 -.13040E+01 -.14830E+01 -.17140E+01 -.19860E+01
         -.26210E+01 -.33150E+01 -.47500E+01
         -.49887E+00 -.50226E+00 -.50409E+00 -.50536E+00 -.52246E+00
         -.48879E+00 -.64236E+00  .65825E+00  .18974E+01  .93229E+00
         -.94534E-01 -.57816E+00 -.83284E+00 -.10105E+01 -.11613E+01
         -.13495E+01 -.14148E+01 -.14451E+01
         -.16031E+01 -.14781E+01 -.13551E+01 -.12321E+01 -.11101E+01
         -.99112E+00 -.87112E+00 -.36012E+00  .66088E+00  .13879E+01
          .18439E+01  .20939E+01  .22119E+01  .22519E+01  .22499E+01
          .21859E+01  .20779E+01  .17989E+01
          .50250E+00  .49499E+00  .49353E+00  .48287E+00  .51497E+00
          .34925E+00  .95602E+00  .33987E+01  .38333E+01  .22443E+01
          .13855E+01  .68553E+00  .28834E+00  .57119E-01 -.60815E-01
         -.18135E+00 -.24578E+00 -.29561E+00
         -.10999E+03 -.99335E+02 -.88677E+02 -.78020E+02 -.67362E+02
         -.56705E+02 -.46047E+02 -.35390E+02 -.24732E+02 -.15050E+02
         -.95580E+01 -.64260E+01 -.46270E+01 -.35860E+01 -.29800E+01
         -.24260E+01 -.22710E+01 -.23670E+01
          .42630E+02  .42630E+02  .42630E+02  .42630E+02  .42630E+02
          .42630E+02  .42630E+02  .42630E+02  .42630E+02  .30924E+02
          .15763E+02  .95134E+01  .53557E+01  .31437E+01  .18335E+01
          .57985E+00  .10115E+00 -.19457E+00
         -.12060E+01 -.13320E+01 -.14570E+01 -.15840E+01 -.17110E+01
         -.18400E+01 -.19710E+01 -.20310E+01 -.16320E+01 -.12720E+01
         -.11940E+01 -.12950E+01 -.14880E+01 -.17330E+01 -.20160E+01
         -.26590E+01 -.33530E+01 -.47820E+01
         -.50575E+00 -.50050E+00 -.50425E+00 -.50648E+00 -.51781E+00
         -.49427E+00 -.62511E+00  .70272E+00  .18822E+01  .87633E+00
         -.13155E+00 -.62613E+00 -.89192E+00 -.10622E+01 -.11953E+01
         -.13538E+01 -.14116E+01 -.14377E+01
         -.15771E+01 -.14521E+01 -.13291E+01 -.12061E+01 -.10841E+01
         -.96412E+00 -.84212E+00 -.30512E+00  .69688E+00  .13989E+01
          .18409E+01  .20839E+01  .21959E+01  .22309E+01  .22239E+01
          .21479E+01  .20299E+01  .17429E+01
          .50257E+00  .49485E+00  .49401E+00  .48112E+00  .52152E+00
          .33679E+00  .10353E+01  .34300E+01  .37128E+01  .21668E+01
          .13479E+01  .66149E+00  .26610E+00  .38105E-01 -.82521E-01
         -.20508E+00 -.26115E+00 -.29992E+00
         -.11363E+03 -.10261E+03 -.91595E+02 -.80580E+02 -.69564E+02
         -.58549E+02 -.47533E+02 -.36518E+02 -.25502E+02 -.15495E+02
         -.98200E+01 -.65850E+01 -.47280E+01 -.36540E+01 -.30280E+01
         -.24570E+01 -.22940E+01 -.23860E+01
          .44062E+02  .44062E+02  .44062E+02  .44062E+02  .44062E+02
          .44062E+02  .44062E+02  .44062E+02  .44062E+02  .31959E+02
          .16284E+02  .98235E+01  .55258E+01  .32452E+01  .18933E+01
          .59953E+00  .11253E+00 -.19427E+00
         -.11800E+01 -.13060E+01 -.14320E+01 -.15580E+01 -.16850E+01
         -.18140E+01 -.19440E+01 -.20070E+01 -.16160E+01 -.12590E+01
         -.11810E+01 -.12870E+01 -.14920E+01 -.17520E+01 -.20480E+01
         -.27020E+01 -.33960E+01 -.48170E+01
         -.50404E+00 -.50393E+00 -.50426E+00 -.50305E+00 -.51955E+00
         -.49077E+00 -.62539E+00  .67633E+00  .18561E+01  .87536E+00
         -.13752E+00 -.66128E+00 -.94935E+00 -.11213E+01 -.12374E+01
         -.13609E+01 -.14068E+01 -.14281E+01
         -.15521E+01 -.14271E+01 -.13031E+01 -.11801E+01 -.10581E+01
         -.93812E+00 -.81612E+00 -.28712E+00  .69988E+00  .13889E+01
          .18249E+01  .20649E+01  .21759E+01  .22089E+01  .21989E+01
          .21179E+01  .19979E+01  .17109E+01
          .50120E+00  .49759E+00  .49643E+00  .48069E+00  .52082E+00
          .34001E+00  .10231E+01  .33795E+01  .36508E+01  .21293E+01
          .13320E+01  .65461E+00  .26152E+00  .27310E-01 -.94759E-01
         -.21207E+00 -.26298E+00 -.29901E+00
         -.12826E+03 -.11576E+03 -.10325E+03 -.90749E+02 -.78245E+02
         -.65740E+02 -.53235E+02 -.40730E+02 -.28225E+02 -.16866E+02
         -.10429E+02 -.67650E+01 -.46650E+01 -.34520E+01 -.27460E+01
         -.20990E+01 -.19080E+01 -.19800E+01
          .50020E+02  .50020E+02  .50020E+02  .50020E+02  .50020E+02
          .50020E+02  .50020E+02  .50020E+02  .50020E+02  .36269E+02
          .18457E+02  .11117E+02  .62443E+01  .36619E+01  .21360E+01
          .68610E+00  .14760E+00 -.18180E+00
         -.11560E+01 -.12810E+01 -.14070E+01 -.15330E+01 -.16600E+01
         -.17880E+01 -.19190E+01 -.19880E+01 -.16140E+01 -.12550E+01
         -.11740E+01 -.12670E+01 -.14290E+01 -.16230E+01 -.18590E+01
         -.24540E+01 -.31370E+01 -.45760E+01
         -.49893E+00 -.50213E+00 -.50454E+00 -.50371E+00 -.51661E+00
         -.48985E+00 -.63199E+00  .61780E+00  .18208E+01  .89500E+00
         -.12081E+00 -.55576E+00 -.71617E+00 -.85157E+00 -.10375E+01
         -.13057E+01 -.14079E+01 -.14546E+01
         -.15271E+01 -.14031E+01 -.12791E+01 -.11551E+01 -.10331E+01
         -.91312E+00 -.79212E+00 -.28612E+00  .68988E+00  .13679E+01
          .18019E+01  .20499E+01  .21739E+01  .22229E+01  .22309E+01
          .21979E+01  .21219E+01  .18819E+01
          .49647E+00  .49507E+00  .49925E+00  .48392E+00  .51708E+00
          .35177E+00  .96785E+00  .33008E+01  .36128E+01  .20960E+01
          .13472E+01  .69902E+00  .32068E+00  .94246E-01 -.13667E-01
         -.11249E+00 -.19037E+00 -.26482E+00
         -.13211E+03 -.11923E+03 -.10636E+03 -.93482E+02 -.80605E+02
         -.67729E+02 -.54852E+02 -.41976E+02 -.29099E+02 -.17403E+02
         -.10777E+02 -.70050E+01 -.48450E+01 -.35980E+01 -.28720E+01
         -.22070E+01 -.20080E+01 -.20760E+01
          .51506E+02  .51506E+02  .51506E+02  .51506E+02  .51506E+02
          .51506E+02  .51506E+02  .51506E+02  .51506E+02  .37340E+02
          .18999E+02  .11441E+02  .64193E+01  .37652E+01  .21961E+01
          .70739E+00  .15841E+00 -.18120E+00
         -.11240E+01 -.12490E+01 -.13740E+01 -.15010E+01 -.16270E+01
         -.17560E+01 -.18860E+01 -.19300E+01 -.15420E+01 -.12250E+01
         -.11720E+01 -.12840E+01 -.14580E+01 -.16600E+01 -.19000E+01
         -.24950E+01 -.31760E+01 -.46070E+01
         -.50075E+00 -.49849E+00 -.50527E+00 -.50443E+00 -.51303E+00
         -.50346E+00 -.58114E+00  .74000E+00  .17491E+01  .72353E+00
         -.20323E+00 -.61860E+00 -.75438E+00 -.87589E+00 -.10461E+01
         -.13018E+01 -.14027E+01 -.14451E+01
         -.14981E+01 -.13731E+01 -.12491E+01 -.11251E+01 -.10031E+01
         -.88312E+00 -.75612E+00 -.17412E+00  .75788E+00  .13939E+01
          .17999E+01  .20289E+01  .21409E+01  .21819E+01  .21849E+01
          .21429E+01  .20629E+01  .18239E+01
          .50166E+00  .49669E+00  .49958E+00  .48098E+00  .52848E+00
          .30908E+00  .11992E+01  .34021E+01  .33602E+01  .19730E+01
          .12519E+01  .63961E+00  .28170E+00  .69604E-01 -.32110E-01
         -.12654E+00 -.19371E+00 -.26164E+00
         -.13591E+03 -.12266E+03 -.10942E+03 -.96181E+02 -.82940E+02
         -.69699E+02 -.56458E+02 -.43216E+02 -.29975E+02 -.17948E+02
         -.11136E+02 -.72600E+01 -.50410E+01 -.37590E+01 -.30150E+01
         -.23310E+01 -.21250E+01 -.21890E+01
          .52965E+02  .52965E+02  .52965E+02  .52965E+02  .52965E+02
          .52965E+02  .52965E+02  .52965E+02  .52965E+02  .38394E+02
          .19527E+02  .11754E+02  .65980E+01  .38661E+01  .22494E+01
          .73110E+00  .16614E+00 -.17907E+00
         -.11000E+01 -.12250E+01 -.13510E+01 -.14770E+01 -.16040E+01
         -.17320E+01 -.18610E+01 -.19130E+01 -.15530E+01 -.12470E+01
         -.11980E+01 -.13120E+01 -.14920E+01 -.17000E+01 -.19440E+01
         -.25420E+01 -.32200E+01 -.46450E+01
         -.49892E+00 -.50217E+00 -.50441E+00 -.50420E+00 -.51479E+00
         -.49665E+00 -.58260E+00  .65506E+00  .16583E+01  .70354E+00
         -.21252E+00 -.63346E+00 -.78165E+00 -.89594E+00 -.10586E+01
         -.13006E+01 -.13950E+01 -.14400E+01
         -.14751E+01 -.13501E+01 -.12261E+01 -.11021E+01 -.98012E+00
         -.85912E+00 -.73312E+00 -.17612E+00  .73088E+00  .13499E+01
          .17479E+01  .19739E+01  .20849E+01  .21249E+01  .21249E+01
          .20779E+01  .19939E+01  .17559E+01
          .50165E+00  .49670E+00  .49956E+00  .48107E+00  .52817E+00
          .32225E+00  .11468E+01  .32864E+01  .32754E+01  .19240E+01
          .12328E+01  .63295E+00  .27942E+00  .61359E-01 -.44859E-01
         -.13556E+00 -.19889E+00 -.25756E+00
         -.87873E+02 -.80168E+02 -.72463E+02 -.64759E+02 -.57054E+02
         -.49349E+02 -.41644E+02 -.33940E+02 -.26235E+02 -.18530E+02
         -.11528E+02 -.75450E+01 -.52650E+01 -.39500E+01 -.31850E+01
         -.24830E+01 -.22710E+01 -.23290E+01
          .30819E+02  .30819E+02  .30819E+02  .30819E+02  .30819E+02
          .30819E+02  .30819E+02  .30819E+02  .30819E+02  .30819E+02
          .22386E+02  .11458E+02  .69400E+01  .39224E+01  .23305E+01
          .74437E+00  .17605E+00 -.17502E+00
         -.10770E+01 -.12020E+01 -.13280E+01 -.14540E+01 -.15810E+01
         -.17080E+01 -.18380E+01 -.18960E+01 -.15670E+01 -.12750E+01
         -.12310E+01 -.13490E+01 -.15360E+01 -.17520E+01 -.20020E+01
         -.26030E+01 -.32790E+01 -.46940E+01
         -.49888E+00 -.50224E+00 -.50416E+00 -.50513E+00 -.51132E+00
         -.49759E+00 -.58231E+00  .57083E+00  .15510E+01  .67716E+00
         -.22764E+00 -.65460E+00 -.81397E+00 -.92553E+00 -.10759E+01
         -.12994E+01 -.13883E+01 -.14284E+01
         -.14521E+01 -.13271E+01 -.12031E+01 -.10801E+01 -.95712E+00
         -.83612E+00 -.71012E+00 -.17912E+00  .69888E+00  .13009E+01
          .16899E+01  .19119E+01  .20209E+01  .20589E+01  .20559E+01
          .20019E+01  .19119E+01  .16769E+01
          .50115E+00  .49769E+00  .49607E+00  .48201E+00  .52787E+00
          .33450E+00  .10981E+01  .31570E+01  .31819E+01  .18754E+01
          .12085E+01  .62277E+00  .27245E+00  .51423E-01 -.58144E-01
         -.14999E+00 -.20591E+00 -.24954E+00
         -.93296E+02 -.85122E+02 -.76948E+02 -.68774E+02 -.60600E+02
         -.52426E+02 -.44252E+02 -.36078E+02 -.27904E+02 -.19730E+02
         -.12302E+02 -.80790E+01 -.56640E+01 -.42710E+01 -.34620E+01
         -.27190E+01 -.24910E+01 -.25390E+01
          .32696E+02  .32696E+02  .32696E+02  .32696E+02  .32696E+02
          .32696E+02  .32696E+02  .32696E+02  .32696E+02  .32696E+02
          .23744E+02  .12140E+02  .73508E+01  .41526E+01  .24629E+01
          .79166E+00  .19649E+00 -.17024E+00
         -.10550E+01 -.11800E+01 -.13050E+01 -.14310E+01 -.15580E+01
         -.16860E+01 -.18150E+01 -.18600E+01 -.15390E+01 -.12790E+01
         -.12570E+01 -.13900E+01 -.15950E+01 -.18280E+01 -.20870E+01
         -.26920E+01 -.33630E+01 -.47630E+01
         -.50025E+00 -.49951E+00 -.50173E+00 -.50558E+00 -.51195E+00
         -.50662E+00 -.54558E+00  .60093E+00  .14539E+01  .55560E+00
         -.29227E+00 -.71852E+00 -.88964E+00 -.97890E+00 -.10988E+01
         -.12956E+01 -.13747E+01 -.14127E+01
         -.14301E+01 -.13051E+01 -.11811E+01 -.10571E+01 -.93512E+00
         -.81412E+00 -.68312E+00 -.12012E+00  .71688E+00  .12859E+01
          .16539E+01  .18619E+01  .19599E+01  .19899E+01  .19809E+01
          .19139E+01  .18149E+01  .15809E+01
          .50166E+00  .49669E+00  .49960E+00  .48092E+00  .52872E+00
          .32021E+00  .12144E+01  .31500E+01  .29856E+01  .17798E+01
          .11394E+01  .57463E+00  .23408E+00  .25055E-01 -.82299E-01
         -.17432E+00 -.21643E+00 -.24279E+00
         -.96098E+02 -.87701E+02 -.79303E+02 -.70905E+02 -.62507E+02
         -.54109E+02 -.45711E+02 -.37314E+02 -.28916E+02 -.20518E+02
         -.12887E+02 -.85500E+01 -.60700E+01 -.46410E+01 -.38110E+01
         -.30470E+01 -.28120E+01 -.28560E+01
          .33591E+02  .33591E+02  .33591E+02  .33591E+02  .33591E+02
          .33591E+02  .33591E+02  .33591E+02  .33591E+02  .33591E+02
          .24389E+02  .12467E+02  .75456E+01  .42584E+01  .25286E+01
          .81528E+00  .20426E+00 -.16813E+00
         -.10300E+01 -.11550E+01 -.12810E+01 -.14070E+01 -.15330E+01
         -.16610E+01 -.17890E+01 -.18290E+01 -.15300E+01 -.13000E+01
         -.12960E+01 -.14400E+01 -.16600E+01 -.19120E+01 -.21880E+01
         -.28040E+01 -.34690E+01 -.48450E+01
         -.49898E+00 -.50205E+00 -.50483E+00 -.50264E+00 -.50863E+00
         -.51086E+00 -.51993E+00  .57459E+00  .13296E+01  .45516E+00
         -.34221E+00 -.76633E+00 -.96046E+00 -.10558E+01 -.11523E+01
         -.12946E+01 -.13554E+01 -.13863E+01
         -.14061E+01 -.12811E+01 -.11571E+01 -.10341E+01 -.91112E+00
         -.79012E+00 -.65512E+00 -.85120E-01  .70988E+00  .12519E+01
          .16019E+01  .17979E+01  .18869E+01  .19089E+01  .18939E+01
          .18109E+01  .16979E+01  .14639E+01
          .50120E+00  .49760E+00  .49639E+00  .48084E+00  .53224E+00
          .31820E+00  .12669E+01  .30740E+01  .28170E+01  .17021E+01
          .10786E+01  .53543E+00  .19965E+00 -.20147E-02 -.10758E+00
         -.20846E+00 -.23456E+00 -.23372E+00
         -.10259E+03 -.93584E+02 -.84578E+02 -.75572E+02 -.66566E+02
         -.57561E+02 -.48555E+02 -.39549E+02 -.30543E+02 -.21537E+02
         -.13354E+02 -.87060E+01 -.60510E+01 -.45220E+01 -.36350E+01
         -.28190E+01 -.25640E+01 -.25950E+01
          .36024E+02  .36024E+02  .36024E+02  .36024E+02  .36024E+02
          .36024E+02  .36024E+02  .36024E+02  .36024E+02  .36024E+02
          .26149E+02  .13353E+02  .80752E+01  .45541E+01  .27003E+01
          .87389E+00  .23013E+00 -.16157E+00
         -.10080E+01 -.11340E+01 -.12590E+01 -.13850E+01 -.15110E+01
         -.16390E+01 -.17670E+01 -.18050E+01 -.15350E+01 -.13360E+01
         -.13470E+01 -.14980E+01 -.17050E+01 -.19240E+01 -.21630E+01
         -.27390E+01 -.33950E+01 -.47770E+01
         -.50539E+00 -.50122E+00 -.50174E+00 -.50382E+00 -.50699E+00
         -.51621E+00 -.50017E+00  .52488E+00  .11847E+01  .36450E+00
         -.38665E+00 -.76190E+00 -.86175E+00 -.90309E+00 -.10219E+01
         -.12545E+01 -.13520E+01 -.13970E+01
         -.13851E+01 -.12601E+01 -.11361E+01 -.10121E+01 -.89012E+00
         -.76812E+00 -.63012E+00 -.66120E-01  .68588E+00  .12009E+01
          .15349E+01  .17229E+01  .18139E+01  .18419E+01  .18339E+01
          .17759E+01  .16939E+01  .14979E+01
          .50167E+00  .49666E+00  .49971E+00  .48052E+00  .53022E+00
          .32659E+00  .12834E+01  .29638E+01  .26534E+01  .16266E+01
          .10281E+01  .52500E+00  .21991E+00  .23344E-01 -.73291E-01
         -.14695E+00 -.17893E+00 -.20454E+00
         -.10543E+03 -.96194E+02 -.86961E+02 -.77728E+02 -.68496E+02
         -.59263E+02 -.50030E+02 -.40797E+02 -.31564E+02 -.22331E+02
         -.13942E+02 -.91780E+01 -.64570E+01 -.48910E+01 -.39820E+01
         -.31460E+01 -.28840E+01 -.29100E+01
          .36932E+02  .36932E+02  .36932E+02  .36932E+02  .36932E+02
          .36932E+02  .36932E+02  .36932E+02  .36932E+02  .36932E+02
          .26805E+02  .13685E+02  .82735E+01  .46647E+01  .27679E+01
          .89528E+00  .23899E+00 -.15849E+00
         -.98300E+00 -.11090E+01 -.12340E+01 -.13600E+01 -.14860E+01
         -.16140E+01 -.17420E+01 -.18330E+01 -.17170E+01 -.15720E+01
         -.15900E+01 -.17360E+01 -.19360E+01 -.21510E+01 -.23860E+01
         -.29450E+01 -.35760E+01 -.49080E+01
         -.50542E+00 -.50116E+00 -.50195E+00 -.50306E+00 -.50981E+00
         -.50570E+00 -.53937E+00  .35201E-01  .69857E+00  .30252E+00
         -.38464E+00 -.73196E+00 -.83953E+00 -.88994E+00 -.10007E+01
         -.12098E+01 -.13001E+01 -.13480E+01
         -.13611E+01 -.12371E+01 -.11121E+01 -.98812E+00 -.86612E+00
         -.74412E+00 -.61812E+00 -.25012E+00  .40088E+00  .89188E+00
          .12219E+01  .14139E+01  .15099E+01  .15429E+01  .15369E+01
          .14839E+01  .14109E+01  .12769E+01
          .49501E+00  .49799E+00  .50104E+00  .48586E+00  .50753E+00
          .41201E+00  .82044E+00  .22342E+01  .24707E+01  .15871E+01
          .10329E+01  .54547E+00  .24129E+00  .37392E-01 -.66853E-01
         -.13567E+00 -.14649E+00 -.12776E+00
         -.98274E+02 -.90336E+02 -.82398E+02 -.74460E+02 -.66522E+02
         -.58584E+02 -.50645E+02 -.42707E+02 -.34769E+02 -.26831E+02
         -.18893E+02 -.11679E+02 -.75760E+01 -.52290E+01 -.38750E+01
         -.26300E+01 -.22180E+01 -.21540E+01
          .31752E+02  .31752E+02  .31752E+02  .31752E+02  .31752E+02
          .31752E+02  .31752E+02  .31752E+02  .31752E+02  .31752E+02
          .31752E+02  .23063E+02  .11799E+02  .71399E+01  .40531E+01
          .13674E+01  .41911E+00 -.11356E+00
         -.96300E+00 -.10880E+01 -.12140E+01 -.13390E+01 -.14660E+01
         -.15930E+01 -.17220E+01 -.18540E+01 -.19890E+01 -.21310E+01
         -.22800E+01 -.23780E+01 -.21830E+01 -.19650E+01 -.19430E+01
         -.23120E+01 -.29280E+01 -.43420E+01
         -.49848E+00 -.50304E+00 -.50136E+00 -.50352E+00 -.50856E+00
         -.51023E+00 -.52252E+00 -.53167E+00 -.55478E+00 -.57321E+00
         -.64439E+00  .18676E+00  .10614E+01  .52384E+00 -.27669E+00
         -.10735E+01 -.13393E+01 -.14514E+01
         -.13411E+01 -.12171E+01 -.10921E+01 -.96812E+00 -.84512E+00
         -.72412E+00 -.60412E+00 -.48912E+00 -.37812E+00 -.27512E+00
         -.16812E+00  .27388E+00  .96588E+00  .13519E+01  .15229E+01
          .17029E+01  .18129E+01  .17719E+01
          .49468E+00  .49865E+00  .49874E+00  .49439E+00  .48771E+00
          .48279E+00  .47314E+00  .44464E+00  .46029E+00  .28220E+00
          .93092E+00  .25821E+01  .23486E+01  .95941E+00  .49775E+00
          .27869E+00  .12747E+00 -.12524E+00
         -.10211E+03 -.93857E+02 -.85608E+02 -.77359E+02 -.69110E+02
         -.60861E+02 -.52611E+02 -.44362E+02 -.36113E+02 -.27864E+02
         -.19615E+02 -.12119E+02 -.78580E+01 -.54210E+01 -.40160E+01
         -.27250E+01 -.22970E+01 -.22230E+01
          .32996E+02  .32996E+02  .32996E+02  .32996E+02  .32996E+02
          .32996E+02  .32996E+02  .32996E+02  .32996E+02  .32996E+02
          .32996E+02  .23959E+02  .12251E+02  .74122E+01  .42039E+01
          .14179E+01  .43839E+00 -.10820E+00
         -.98600E+00 -.11110E+01 -.12370E+01 -.13630E+01 -.14890E+01
         -.16160E+01 -.17450E+01 -.18760E+01 -.20080E+01 -.21160E+01
         -.21850E+01 -.22460E+01 -.21450E+01 -.19790E+01 -.19660E+01
         -.23360E+01 -.29500E+01 -.43670E+01
         -.49894E+00 -.50212E+00 -.50457E+00 -.50358E+00 -.50509E+00
         -.51204E+00 -.51874E+00 -.53299E+00 -.50530E+00 -.32581E+00
         -.31546E+00  .27665E-01  .68480E+00  .43712E+00 -.28530E+00
         -.10705E+01 -.13368E+01 -.14571E+01
         -.13541E+01 -.12291E+01 -.11051E+01 -.98112E+00 -.85712E+00
         -.73612E+00 -.61612E+00 -.49912E+00 -.36412E+00 -.11512E+00
          .17288E+00  .52988E+00  .10349E+01  .13729E+01  .15269E+01
          .16789E+01  .17769E+01  .17379E+01
          .50101E+00  .49797E+00  .49511E+00  .49761E+00  .49046E+00
          .48055E+00  .47933E+00  .44614E+00  .76012E+00  .11214E+01
          .11984E+01  .18250E+01  .18457E+01  .90825E+00  .42531E+00
          .23967E+00  .11603E+00 -.11652E+00
         -.10590E+03 -.97342E+02 -.88786E+02 -.80230E+02 -.71673E+02
         -.63117E+02 -.54561E+02 -.46005E+02 -.37448E+02 -.28892E+02
         -.20336E+02 -.12561E+02 -.81420E+01 -.56160E+01 -.41610E+01
         -.28240E+01 -.23790E+01 -.22960E+01
          .34225E+02  .34225E+02  .34225E+02  .34225E+02  .34225E+02
          .34225E+02  .34225E+02  .34225E+02  .34225E+02  .34225E+02
          .34225E+02  .24850E+02  .12703E+02  .76793E+01  .43522E+01
          .14702E+01  .45892E+00 -.10496E+00
         -.96100E+00 -.10870E+01 -.12120E+01 -.13380E+01 -.14640E+01
         -.15910E+01 -.17190E+01 -.18500E+01 -.19790E+01 -.20540E+01
         -.20650E+01 -.21070E+01 -.20820E+01 -.19790E+01 -.19840E+01
         -.23560E+01 -.29680E+01 -.43780E+01
         -.50538E+00 -.50125E+00 -.50163E+00 -.50423E+00 -.50544E+00
         -.50999E+00 -.51459E+00 -.53964E+00 -.44683E+00 -.12103E+00
         -.10105E+00 -.11075E+00  .34007E+00  .28646E+00 -.30992E+00
         -.10654E+01 -.13324E+01 -.14488E+01
         -.13301E+01 -.12061E+01 -.10811E+01 -.95712E+00 -.83412E+00
         -.71212E+00 -.59212E+00 -.47412E+00 -.31212E+00  .37880E-01
          .38988E+00  .70788E+00  .11029E+01  .13969E+01  .15339E+01
          .16569E+01  .17419E+01  .17019E+01
          .49471E+00  .49859E+00  .49895E+00  .49361E+00  .49062E+00
          .48390E+00  .47778E+00  .46100E+00  .10382E+01  .15301E+01
          .12654E+01  .14481E+01  .14980E+01  .82789E+00  .36245E+00
          .19553E+00  .10344E+00 -.11172E+00
         -.10974E+03 -.10087E+03 -.92006E+02 -.83139E+02 -.74271E+02
         -.65404E+02 -.56537E+02 -.47670E+02 -.38802E+02 -.29935E+02
         -.21068E+02 -.13011E+02 -.84340E+01 -.58180E+01 -.43120E+01
         -.29290E+01 -.24680E+01 -.23750E+01
          .35469E+02  .35469E+02  .35469E+02  .35469E+02  .35469E+02
          .35469E+02  .35469E+02  .35469E+02  .35469E+02  .35469E+02
          .35469E+02  .25746E+02  .13155E+02  .79516E+01  .45030E+01
          .15207E+01  .47820E+00 -.99601E-01
         -.93700E+00 -.10620E+01 -.11880E+01 -.13130E+01 -.14390E+01
         -.15660E+01 -.16950E+01 -.18250E+01 -.19510E+01 -.20030E+01
         -.19780E+01 -.20090E+01 -.20300E+01 -.19800E+01 -.20040E+01
         -.23810E+01 -.29910E+01 -.43930E+01
         -.49857E+00 -.50286E+00 -.50200E+00 -.50114E+00 -.50543E+00
         -.51314E+00 -.51400E+00 -.53885E+00 -.40261E+00  .13286E-01
          .25464E-01 -.18714E+00  .99104E-01  .13873E+00 -.34202E+00
         -.10633E+01 -.13266E+01 -.14397E+01
         -.13081E+01 -.11831E+01 -.10591E+01 -.93512E+00 -.81112E+00
         -.68912E+00 -.56912E+00 -.45112E+00 -.27012E+00  .13988E+00
          .51688E+00  .81488E+00  .11489E+01  .14089E+01  .15329E+01
          .16309E+01  .17019E+01  .16629E+01
          .50104E+00  .49792E+00  .49527E+00  .49701E+00  .49271E+00
          .48416E+00  .47466E+00  .47321E+00  .12205E+01  .17367E+01
          .12766E+01  .12570E+01  .12796E+01  .75264E+00  .31782E+00
          .15177E+00  .89082E-01 -.10304E+00
         -.11357E+03 -.10440E+03 -.95219E+02 -.86043E+02 -.76866E+02
         -.67690E+02 -.58513E+02 -.49337E+02 -.40160E+02 -.30984E+02
         -.21807E+02 -.13469E+02 -.87330E+01 -.60280E+01 -.44710E+01
         -.30420E+01 -.25650E+01 -.24620E+01
          .36706E+02  .36706E+02  .36706E+02  .36706E+02  .36706E+02
          .36706E+02  .36706E+02  .36706E+02  .36706E+02  .36706E+02
          .36706E+02  .26644E+02  .13607E+02  .82205E+01  .46550E+01
          .15708E+01  .49760E+00 -.94301E-01
         -.91300E+00 -.10390E+01 -.11640E+01 -.12890E+01 -.14160E+01
         -.15420E+01 -.16700E+01 -.18010E+01 -.19170E+01 -.19170E+01
         -.18520E+01 -.18830E+01 -.19520E+01 -.19650E+01 -.20190E+01
         -.24070E+01 -.30160E+01 -.44090E+01
         -.50489E+00 -.50223E+00 -.49821E+00 -.50494E+00 -.50602E+00
         -.50699E+00 -.51401E+00 -.54496E+00 -.27015E+00  .23355E+00
          .11593E+00 -.28929E+00 -.15879E+00 -.59571E-01 -.40693E+00
         -.10633E+01 -.13220E+01 -.14285E+01
         -.12861E+01 -.11611E+01 -.10371E+01 -.91212E+00 -.78912E+00
         -.66712E+00 -.54612E+00 -.42612E+00 -.18512E+00  .30788E+00
          .69088E+00  .96588E+00  .12329E+01  .14479E+01  .15509E+01
          .16189E+01  .16689E+01  .16249E+01
          .50148E+00  .49705E+00  .49834E+00  .49759E+00  .48731E+00
          .49318E+00  .45598E+00  .57490E+00  .15764E+01  .19274E+01
          .12261E+01  .10642E+01  .10210E+01  .63586E+00  .25158E+00
          .98817E-01  .61158E-01 -.96579E-01
         -.11740E+03 -.10792E+03 -.98433E+02 -.88949E+02 -.79464E+02
         -.69979E+02 -.60494E+02 -.51009E+02 -.41524E+02 -.32039E+02
         -.22554E+02 -.13936E+02 -.90420E+01 -.62480E+01 -.46410E+01
         -.31660E+01 -.26730E+01 -.25620E+01
          .37940E+02  .37940E+02  .37940E+02  .37940E+02  .37940E+02
          .37940E+02  .37940E+02  .37940E+02  .37940E+02  .37940E+02
          .37940E+02  .27537E+02  .14058E+02  .84877E+01  .48034E+01
          .16221E+01  .51604E+00 -.91521E-01
         -.89000E+00 -.10150E+01 -.11410E+01 -.12660E+01 -.13920E+01
         -.15190E+01 -.16470E+01 -.17770E+01 -.18880E+01 -.18680E+01
         -.17930E+01 -.18280E+01 -.19210E+01 -.19730E+01 -.20480E+01
         -.24450E+01 -.30510E+01 -.44340E+01
         -.49858E+00 -.50284E+00 -.50205E+00 -.50097E+00 -.50607E+00
         -.51077E+00 -.51087E+00 -.54174E+00 -.21417E+00  .30640E+00
          .12856E+00 -.34065E+00 -.30197E+00 -.19147E+00 -.45615E+00
         -.10622E+01 -.13131E+01 -.14179E+01
         -.12651E+01 -.11401E+01 -.10151E+01 -.89112E+00 -.76712E+00
         -.64512E+00 -.52412E+00 -.40212E+00 -.13312E+00  .38088E+00
          .75688E+00  .10169E+01  .12539E+01  .14439E+01  .15349E+01
          .15829E+01  .16189E+01  .15759E+01
          .49965E+00  .50070E+00  .49755E+00  .49712E+00  .48999E+00
          .49492E+00  .44632E+00  .63578E+00  .17025E+01  .19500E+01
          .11774E+01  .97254E+00  .89647E+00  .56558E+00  .21321E+00
          .61593E-01  .44421E-01 -.86710E-01
         -.12290E+03 -.11297E+03 -.10304E+03 -.93113E+02 -.83184E+02
         -.73255E+02 -.63327E+02 -.53398E+02 -.43469E+02 -.33540E+02
         -.23611E+02 -.14590E+02 -.94690E+01 -.65470E+01 -.48670E+01
         -.33270E+01 -.28110E+01 -.26860E+01
          .39716E+02  .39716E+02  .39716E+02  .39716E+02  .39716E+02
          .39716E+02  .39716E+02  .39716E+02  .39716E+02  .39716E+02
          .39716E+02  .28821E+02  .14705E+02  .88748E+01  .50195E+01
          .16931E+01  .54425E+00 -.84627E-01
         -.86700E+00 -.99200E+00 -.11180E+01 -.12430E+01 -.13690E+01
         -.14960E+01 -.16240E+01 -.17530E+01 -.18540E+01 -.17980E+01
         -.17120E+01 -.17550E+01 -.18790E+01 -.19830E+01 -.20900E+01
         -.24990E+01 -.31000E+01 -.44680E+01
         -.49858E+00 -.50285E+00 -.50204E+00 -.50100E+00 -.50594E+00
         -.51123E+00 -.50915E+00 -.53616E+00 -.10619E+00  .42092E+00
          .12649E+00 -.41090E+00 -.48690E+00 -.37749E+00 -.53515E+00
         -.10561E+01 -.13003E+01 -.14018E+01
         -.12421E+01 -.11181E+01 -.99312E+00 -.86912E+00 -.74612E+00
         -.62312E+00 -.50212E+00 -.37712E+00 -.52120E-01  .48588E+00
          .85088E+00  .10929E+01  .12899E+01  .14469E+01  .15239E+01
          .15489E+01  .15649E+01  .15219E+01
          .49468E+00  .49864E+00  .49878E+00  .49426E+00  .48818E+00
          .50500E+00  .41980E+00  .76778E+00  .19091E+01  .19519E+01
          .11193E+01  .85491E+00  .72907E+00  .47680E+00  .17172E+00
          .14051E-01  .18072E-01 -.73536E-01
         -.12691E+03 -.11666E+03 -.10641E+03 -.96166E+02 -.85917E+02
         -.75668E+02 -.65419E+02 -.55171E+02 -.44922E+02 -.34673E+02
         -.24424E+02 -.15113E+02 -.98300E+01 -.68160E+01 -.50840E+01
         -.34970E+01 -.29640E+01 -.28300E+01
          .40995E+02  .40995E+02  .40995E+02  .40995E+02  .40995E+02
          .40995E+02  .40995E+02  .40995E+02  .40995E+02  .40995E+02
          .40995E+02  .29741E+02  .15167E+02  .91529E+01  .51731E+01
          .17455E+01  .56471E+00 -.81356E-01
         -.84400E+00 -.97000E+00 -.10950E+01 -.12200E+01 -.13460E+01
         -.14730E+01 -.16010E+01 -.17300E+01 -.18250E+01 -.17510E+01
         -.16560E+01 -.16980E+01 -.18350E+01 -.19760E+01 -.21170E+01
         -.25500E+01 -.31500E+01 -.45000E+01
         -.50501E+00 -.50198E+00 -.49906E+00 -.50178E+00 -.50581E+00
         -.51096E+00 -.51034E+00 -.53166E+00 -.51006E-01  .48369E+00
          .14426E+00 -.42471E+00 -.59340E+00 -.53767E+00 -.63990E+00
         -.10672E+01 -.12892E+01 -.13804E+01
         -.12211E+01 -.10971E+01 -.97212E+00 -.84812E+00 -.72412E+00
         -.60212E+00 -.48012E+00 -.35312E+00 -.31200E-02  .55088E+00
          .91188E+00  .11449E+01  .13199E+01  .14519E+01  .15139E+01
          .15169E+01  .15119E+01  .14649E+01
          .49454E+00  .49891E+00  .49782E+00  .49783E+00  .48687E+00
          .50670E+00  .41433E+00  .82397E+00  .20138E+01  .19688E+01
          .10909E+01  .79542E+00  .62339E+00  .39503E+00  .12449E+00
         -.31010E-01 -.12451E-01 -.64275E-01
         -.13094E+03 -.12037E+03 -.10980E+03 -.99239E+02 -.88674E+02
         -.78109E+02 -.67543E+02 -.56978E+02 -.46413E+02 -.35847E+02
         -.25282E+02 -.15684E+02 -.10240E+02 -.71340E+01 -.53510E+01
         -.37170E+01 -.31680E+01 -.30250E+01
          .42261E+02  .42261E+02  .42261E+02  .42261E+02  .42261E+02
          .42261E+02  .42261E+02  .42261E+02  .42261E+02  .42261E+02
          .42261E+02  .30653E+02  .15629E+02  .94288E+01  .53234E+01
          .17979E+01  .58304E+00 -.77022E-01
         -.82200E+00 -.94800E+00 -.10730E+01 -.11980E+01 -.13240E+01
         -.14510E+01 -.15780E+01 -.17070E+01 -.17920E+01 -.16950E+01
         -.15950E+01 -.16420E+01 -.17930E+01 -.19700E+01 -.21490E+01
         -.26140E+01 -.32130E+01 -.45400E+01
         -.50502E+00 -.50196E+00 -.49912E+00 -.50154E+00 -.50670E+00
         -.50765E+00 -.51070E+00 -.52154E+00  .28879E-01  .55003E+00
          .13501E+00 -.45406E+00 -.69476E+00 -.70289E+00 -.76569E+00
         -.10861E+01 -.12739E+01 -.13536E+01
         -.12011E+01 -.10761E+01 -.95212E+00 -.82712E+00 -.70412E+00
         -.58112E+00 -.45912E+00 -.32912E+00  .63880E-01  .62588E+00
          .97588E+00  .11979E+01  .13529E+01  .14569E+01  .15019E+01
          .14829E+01  .14519E+01  .13999E+01
          .50145E+00  .49710E+00  .49814E+00  .49832E+00  .48456E+00
          .51544E+00  .39369E+00  .93379E+00  .21472E+01  .19376E+01
          .10466E+01  .74004E+00  .51724E+00  .29900E+00  .74760E-01
         -.80559E-01 -.52524E-01 -.51738E-01
         -.13493E+03 -.12405E+03 -.11316E+03 -.10228E+03 -.91394E+02
         -.80511E+02 -.69627E+02 -.58744E+02 -.47860E+02 -.36977E+02
         -.26093E+02 -.16206E+02 -.10599E+02 -.74020E+01 -.55660E+01
         -.38850E+01 -.33200E+01 -.31680E+01
          .43534E+02  .43534E+02  .43534E+02  .43534E+02  .43534E+02
          .43534E+02  .43534E+02  .43534E+02  .43534E+02  .43534E+02
          .43534E+02  .31576E+02  .16092E+02  .97056E+01  .54818E+01
          .18480E+01  .60218E+00 -.73089E-01
         -.80100E+00 -.92600E+00 -.10510E+01 -.11770E+01 -.13030E+01
         -.14290E+01 -.15570E+01 -.16840E+01 -.17560E+01 -.16350E+01
         -.15360E+01 -.15900E+01 -.17540E+01 -.19640E+01 -.21870E+01
         -.26990E+01 -.32970E+01 -.45920E+01
         -.50028E+00 -.49945E+00 -.50193E+00 -.50482E+00 -.50280E+00
         -.50798E+00 -.51328E+00 -.49889E+00  .12086E+00  .60347E+00
          .10528E+00 -.48458E+00 -.78296E+00 -.87159E+00 -.92668E+00
         -.11207E+01 -.12504E+01 -.13173E+01
         -.11821E+01 -.10561E+01 -.93112E+00 -.80712E+00 -.68312E+00
         -.56012E+00 -.43912E+00 -.30212E+00  .13888E+00  .69888E+00
          .10299E+01  .12329E+01  .13649E+01  .14429E+01  .14699E+01
          .14359E+01  .13899E+01  .13449E+01
          .50470E+00  .50261E+00  .49687E+00  .49789E+00  .48756E+00
          .51588E+00  .37691E+00  .10725E+01  .22692E+01  .18628E+01
          .97165E+00  .65861E+00  .41393E+00  .20568E+00  .23347E-01
         -.10745E+00 -.73565E-01 -.30717E-01
         -.14427E+03 -.13257E+03 -.12087E+03 -.10917E+03 -.97464E+02
         -.85762E+02 -.74060E+02 -.62358E+02 -.50656E+02 -.38954E+02
         -.27252E+02 -.16622E+02 -.10596E+02 -.71630E+01 -.51940E+01
         -.33930E+01 -.27860E+01 -.26100E+01
          .46808E+02  .46808E+02  .46808E+02  .46808E+02  .46808E+02
          .46808E+02  .46808E+02  .46808E+02  .46808E+02  .46808E+02
          .46808E+02  .33944E+02  .17287E+02  .10415E+02  .58752E+01
          .19801E+01  .65232E+00 -.62158E-01
         -.78000E+00 -.90500E+00 -.10300E+01 -.11560E+01 -.12820E+01
         -.14080E+01 -.15350E+01 -.16620E+01 -.17190E+01 -.15770E+01
         -.14810E+01 -.15420E+01 -.16980E+01 -.18380E+01 -.19450E+01
         -.23220E+01 -.29080E+01 -.42700E+01
         -.50029E+00 -.49942E+00 -.50202E+00 -.50451E+00 -.50393E+00
         -.50376E+00 -.51705E+00 -.47606E+00  .21329E+00  .64292E+00
          .71039E-01 -.50707E+00 -.64674E+00 -.45797E+00 -.48539E+00
         -.10017E+01 -.12857E+01 -.14001E+01
         -.11621E+01 -.10361E+01 -.91112E+00 -.78712E+00 -.66312E+00
         -.54012E+00 -.41912E+00 -.27312E+00  .21388E+00  .76788E+00
          .10849E+01  .12809E+01  .14349E+01  .15839E+01  .16719E+01
          .16869E+01  .16939E+01  .16509E+01
          .50469E+00  .50262E+00  .49683E+00  .49806E+00  .48691E+00
          .51828E+00  .36795E+00  .12139E+01  .23724E+01  .17885E+01
          .92576E+00  .66450E+00  .61623E+00  .50657E+00  .20149E+00
         -.20085E-01  .10849E-01 -.69925E-01
         -.14794E+03 -.13594E+03 -.12394E+03 -.11195E+03 -.99948E+02
         -.87951E+02 -.75954E+02 -.63957E+02 -.51959E+02 -.39962E+02
         -.27965E+02 -.17067E+02 -.10890E+02 -.73720E+01 -.53540E+01
         -.35100E+01 -.28890E+01 -.27050E+01
          .47989E+02  .47989E+02  .47989E+02  .47989E+02  .47989E+02
          .47989E+02  .47989E+02  .47989E+02  .47989E+02  .47989E+02
          .47989E+02  .34799E+02  .17717E+02  .10674E+02  .60206E+01
          .20252E+01  .66866E+00 -.58330E-01
         -.75700E+00 -.88200E+00 -.10070E+01 -.11320E+01 -.12580E+01
         -.13840E+01 -.15110E+01 -.15960E+01 -.14730E+01 -.13310E+01
         -.13520E+01 -.15020E+01 -.17110E+01 -.18800E+01 -.19980E+01
         -.23730E+01 -.29530E+01 -.42970E+01
         -.49993E+00 -.50014E+00 -.49952E+00 -.50177E+00 -.50541E+00
         -.50060E+00 -.52819E+00  .69361E-01  .70674E+00  .28366E+00
         -.38938E+00 -.77812E+00 -.80614E+00 -.53334E+00 -.50452E+00
         -.98821E+00 -.12727E+01 -.13797E+01
         -.11391E+01 -.10141E+01 -.89012E+00 -.76612E+00 -.64212E+00
         -.51912E+00 -.38812E+00  .12880E-01  .63588E+00  .10209E+01
          .12639E+01  .14179E+01  .15199E+01  .16189E+01  .16769E+01
          .16629E+01  .16519E+01  .16069E+01
          .50130E+00  .49741E+00  .49708E+00  .49028E+00  .51779E+00
          .40256E+00  .91998E+00  .23015E+01  .21619E+01  .11469E+01
          .78638E+00  .47154E+00  .39947E+00  .34257E+00  .11426E+00
         -.62697E-01 -.13474E-01 -.60763E-01
         -.15139E+03 -.13912E+03 -.12685E+03 -.11457E+03 -.10230E+03
         -.90024E+02 -.77751E+02 -.65477E+02 -.53203E+02 -.40929E+02
         -.28655E+02 -.17506E+02 -.11188E+02 -.75900E+01 -.55280E+01
         -.36430E+01 -.30080E+01 -.28160E+01
          .49096E+02  .49096E+02  .49096E+02  .49096E+02  .49096E+02
          .49096E+02  .49096E+02  .49096E+02  .49096E+02  .49096E+02
          .49096E+02  .35597E+02  .18121E+02  .10912E+02  .61504E+01
          .20712E+01  .68464E+00 -.54319E-01
         -.73600E+00 -.86200E+00 -.98700E+00 -.11120E+01 -.12380E+01
         -.13640E+01 -.14900E+01 -.15600E+01 -.14220E+01 -.13020E+01
         -.13430E+01 -.15050E+01 -.17220E+01 -.19040E+01 -.20360E+01
         -.24220E+01 -.29970E+01 -.43250E+01
         -.50499E+00 -.50201E+00 -.49895E+00 -.50219E+00 -.50428E+00
         -.50469E+00 -.50097E+00  .15658E+00  .69065E+00  .17682E+00
         -.44992E+00 -.81314E+00 -.84553E+00 -.59274E+00 -.55152E+00
         -.98938E+00 -.12570E+01 -.13635E+01
         -.11211E+01 -.99512E+00 -.87112E+00 -.74712E+00 -.62312E+00
         -.50012E+00 -.36112E+00  .92880E-01  .68688E+00  .10459E+01
          .12779E+01  .14229E+01  .15139E+01  .15969E+01  .16449E+01
          .16189E+01  .15959E+01  .15539E+01
          .50642E+00  .49915E+00  .49696E+00  .48899E+00  .52307E+00
          .38271E+00  .10901E+01  .23730E+01  .19940E+01  .10869E+01
          .75055E+00  .43494E+00  .34169E+00  .28630E+00  .85119E-01
         -.87308E-01 -.29888E-01 -.48056E-01
         -.15490E+03 -.14235E+03 -.12980E+03 -.11724E+03 -.10469E+03
         -.92139E+02 -.79587E+02 -.67034E+02 -.54482E+02 -.41929E+02
         -.29377E+02 -.17975E+02 -.11514E+02 -.78360E+01 -.57290E+01
         -.38030E+01 -.31540E+01 -.29540E+01
          .50210E+02  .50210E+02  .50210E+02  .50210E+02  .50210E+02
          .50210E+02  .50210E+02  .50210E+02  .50210E+02  .50210E+02
          .50210E+02  .36405E+02  .18528E+02  .11152E+02  .62839E+01
          .21163E+01  .70099E+00 -.50497E-01
         -.71700E+00 -.84200E+00 -.96700E+00 -.10920E+01 -.12180E+01
         -.13440E+01 -.14700E+01 -.15400E+01 -.14110E+01 -.13020E+01
         -.13490E+01 -.15140E+01 -.17330E+01 -.19280E+01 -.20800E+01
         -.24810E+01 -.30520E+01 -.43580E+01
         -.49992E+00 -.50016E+00 -.49942E+00 -.50214E+00 -.50400E+00
         -.50585E+00 -.49661E+00  .14029E+00  .64345E+00  .14191E+00
         -.46708E+00 -.81759E+00 -.87057E+00 -.66814E+00 -.62087E+00
         -.99251E+00 -.12411E+01 -.13385E+01
         -.11021E+01 -.97812E+00 -.85212E+00 -.72812E+00 -.60412E+00
         -.48112E+00 -.34112E+00  .11088E+00  .68988E+00  .10419E+01
          .12729E+01  .14159E+01  .15009E+01  .15709E+01  .16059E+01
          .15679E+01  .15319E+01  .14939E+01
          .49356E+00  .50088E+00  .50290E+00  .48750E+00  .52310E+00
          .38409E+00  .10965E+01  .23338E+01  .19403E+01  .10771E+01
          .74734E+00  .42153E+00  .30254E+00  .22832E+00  .44195E-01
         -.10980E+00 -.48980E-01 -.32510E-01
         -.10461E+03 -.96872E+02 -.89137E+02 -.81402E+02 -.73668E+02
         -.65933E+02 -.58198E+02 -.50463E+02 -.42728E+02 -.34994E+02
         -.27259E+02 -.19524E+02 -.12494E+02 -.84950E+01 -.62060E+01
         -.41180E+01 -.34130E+01 -.31830E+01
          .30939E+02  .30939E+02  .30939E+02  .30939E+02  .30939E+02
          .30939E+02  .30939E+02  .30939E+02  .30939E+02  .30939E+02
          .30939E+02  .30939E+02  .22482E+02  .11482E+02  .70447E+01
          .22309E+01  .78967E+00 -.49835E-01
         -.69700E+00 -.82300E+00 -.94800E+00 -.10730E+01 -.11990E+01
         -.13250E+01 -.14510E+01 -.15270E+01 -.14150E+01 -.13110E+01
         -.13580E+01 -.15200E+01 -.17450E+01 -.19740E+01 -.21690E+01
         -.25920E+01 -.31470E+01 -.44140E+01
         -.50499E+00 -.50201E+00 -.49895E+00 -.50219E+00 -.50429E+00
         -.50464E+00 -.50114E+00  .85220E-01  .59226E+00  .13772E+00
         -.45915E+00 -.80911E+00 -.94840E+00 -.84531E+00 -.75838E+00
         -.97712E+00 -.12011E+01 -.12999E+01
         -.10831E+01 -.95912E+00 -.83412E+00 -.71012E+00 -.58612E+00
         -.46312E+00 -.32512E+00  .10288E+00  .67488E+00  .10239E+01
          .12529E+01  .13949E+01  .14679E+01  .15129E+01  .15349E+01
          .14879E+01  .14389E+01  .14159E+01
          .49489E+00  .49822E+00  .50022E+00  .48889E+00  .52022E+00
          .39422E+00  .10349E+01  .22582E+01  .19323E+01  .10645E+01
          .74583E+00  .40424E+00  .21722E+00  .14287E+00  .15289E-01
         -.13148E+00 -.65371E-01 -.18145E-02
         -.10713E+03 -.99227E+02 -.91324E+02 -.83421E+02 -.75517E+02
         -.67614E+02 -.59710E+02 -.51807E+02 -.43903E+02 -.36000E+02
         -.28096E+02 -.20193E+02 -.13010E+02 -.89250E+01 -.65870E+01
         -.44560E+01 -.37360E+01 -.34980E+01
          .31614E+02  .31614E+02  .31614E+02  .31614E+02  .31614E+02
          .31614E+02  .31614E+02  .31614E+02  .31614E+02  .31614E+02
          .31614E+02  .31614E+02  .22968E+02  .11728E+02  .71943E+01
          .22759E+01  .80823E+00 -.47112E-01
         -.67300E+00 -.79900E+00 -.92400E+00 -.10490E+01 -.11750E+01
         -.13010E+01 -.14250E+01 -.14740E+01 -.13440E+01 -.12690E+01
         -.13430E+01 -.15210E+01 -.17530E+01 -.19960E+01 -.22210E+01
         -.26820E+01 -.32270E+01 -.44470E+01
         -.50497E+00 -.50206E+00 -.49878E+00 -.50283E+00 -.50191E+00
         -.51352E+00 -.44399E+00  .21348E+00  .56206E+00 -.17358E-02
         -.54312E+00 -.84978E+00 -.97775E+00 -.93920E+00 -.88143E+00
         -.99901E+00 -.11585E+01 -.12507E+01
         -.10631E+01 -.93712E+00 -.81212E+00 -.68812E+00 -.56412E+00
         -.44012E+00 -.28412E+00  .21888E+00  .74588E+00  .10609E+01
          .12709E+01  .13979E+01  .14569E+01  .14819E+01  .14829E+01
          .14189E+01  .13519E+01  .13379E+01
          .50509E+00  .50182E+00  .49964E+00  .48761E+00  .52592E+00
          .38472E+00  .12952E+01  .23425E+01  .16949E+01  .98180E+00
          .67786E+00  .35077E+00  .15107E+00  .52938E-01 -.50826E-01
         -.16092E+00 -.91483E-01  .24741E-01
         -.11161E+03 -.10334E+03 -.95074E+02 -.86808E+02 -.78543E+02
         -.70277E+02 -.62011E+02 -.53746E+02 -.45480E+02 -.37214E+02
         -.28949E+02 -.20683E+02 -.13171E+02 -.89000E+01 -.64570E+01
         -.42320E+01 -.34800E+01 -.32250E+01
          .33063E+02  .33063E+02  .33063E+02  .33063E+02  .33063E+02
          .33063E+02  .33063E+02  .33063E+02  .33063E+02  .33063E+02
          .33063E+02  .33063E+02  .24019E+02  .12259E+02  .75149E+01
          .23751E+01  .84659E+00 -.40797E-01
         -.65500E+00 -.78000E+00 -.90500E+00 -.10300E+01 -.11560E+01
         -.12820E+01 -.14040E+01 -.14420E+01 -.13340E+01 -.12960E+01
         -.13920E+01 -.15780E+01 -.18080E+01 -.20300E+01 -.22070E+01
         -.25940E+01 -.31270E+01 -.43670E+01
         -.49988E+00 -.50023E+00 -.49918E+00 -.50304E+00 -.50064E+00
         -.51838E+00 -.40184E+00  .20574E+00  .41887E+00 -.12923E+00
         -.59796E+00 -.86294E+00 -.94227E+00 -.79196E+00 -.67788E+00
         -.91878E+00 -.11670E+01 -.12765E+01
         -.10451E+01 -.91912E+00 -.79512E+00 -.67012E+00 -.54612E+00
         -.42212E+00 -.24812E+00  .25988E+00  .73188E+00  .10219E+01
          .12199E+01  .13369E+01  .13919E+01  .14319E+01  .14609E+01
          .14249E+01  .13869E+01  .14019E+01
          .50672E+00  .49855E+00  .49906E+00  .49320E+00  .51613E+00
          .41828E+00  .13868E+01  .22187E+01  .14986E+01  .93103E+00
          .63331E+00  .31572E+00  .16780E+00  .15307E+00  .47909E-01
         -.11360E+00 -.37509E-01  .41255E-01
         -.11402E+03 -.10560E+03 -.97171E+02 -.88745E+02 -.80318E+02
         -.71892E+02 -.63465E+02 -.55039E+02 -.46612E+02 -.38186E+02
         -.29759E+02 -.21333E+02 -.13675E+02 -.93220E+01 -.68340E+01
         -.45670E+01 -.38010E+01 -.35380E+01
          .33706E+02  .33706E+02  .33706E+02  .33706E+02  .33706E+02
          .33706E+02  .33706E+02  .33706E+02  .33706E+02  .33706E+02
          .33706E+02  .33706E+02  .24484E+02  .12489E+02  .76526E+01
          .24206E+01  .86276E+00 -.36882E-01
         -.63400E+00 -.75900E+00 -.88400E+00 -.10100E+01 -.11350E+01
         -.12610E+01 -.13830E+01 -.14460E+01 -.14360E+01 -.14750E+01
         -.16020E+01 -.17860E+01 -.19950E+01 -.21910E+01 -.23570E+01
         -.27330E+01 -.32370E+01 -.44160E+01
         -.50035E+00 -.49930E+00 -.50246E+00 -.50286E+00 -.49810E+00
         -.51674E+00 -.41095E+00 -.59463E-01  .12801E-01 -.33974E+00
         -.64583E+00 -.80895E+00 -.83437E+00 -.71358E+00 -.65531E+00
         -.88096E+00 -.11008E+01 -.12181E+01
         -.10261E+01 -.90012E+00 -.77612E+00 -.65112E+00 -.52712E+00
         -.40312E+00 -.22712E+00  .16288E+00  .51488E+00  .75188E+00
          .91988E+00  .10179E+01  .10689E+01  .11179E+01  .11609E+01
          .11549E+01  .11529E+01  .12749E+01
          .50654E+00  .49892E+00  .49779E+00  .49792E+00  .49854E+00
          .48393E+00  .11657E+01  .16452E+01  .11576E+01  .79239E+00
          .53283E+00  .26831E+00  .18195E+00  .20390E+00  .10644E+00
         -.50420E-01  .47244E-01  .15938E+00
         -.14283E+03 -.13294E+03 -.12304E+03 -.11315E+03 -.10326E+03
         -.93364E+02 -.83470E+02 -.73577E+02 -.63684E+02 -.53791E+02
         -.43897E+02 -.34004E+02 -.24111E+02 -.15120E+02 -.10018E+02
         -.54310E+01 -.38960E+01 -.32420E+01
          .39573E+02  .39573E+02  .39573E+02  .39573E+02  .39573E+02
          .39573E+02  .39573E+02  .39573E+02  .39573E+02  .39573E+02
          .39573E+02  .39573E+02  .39573E+02  .28746E+02  .14558E+02
          .51277E+01  .16628E+01  .14958E+00
         -.61600E+00 -.74100E+00 -.86600E+00 -.99200E+00 -.11170E+01
         -.12430E+01 -.13700E+01 -.14980E+01 -.16280E+01 -.17610E+01
         -.18980E+01 -.20420E+01 -.21950E+01 -.23560E+01 -.24920E+01
         -.26380E+01 -.30190E+01 -.42230E+01
         -.50038E+00 -.49924E+00 -.50266E+00 -.50212E+00 -.50088E+00
         -.50638E+00 -.50960E+00 -.51521E+00 -.52557E+00 -.53850E+00
         -.56044E+00 -.59176E+00 -.63652E+00 -.63017E+00 -.40682E+00
         -.43878E+00 -.10001E+01 -.13060E+01
         -.10081E+01 -.88212E+00 -.75912E+00 -.63412E+00 -.51012E+00
         -.38612E+00 -.26412E+00 -.14312E+00 -.25120E-01  .87880E-01
          .19588E+00  .29588E+00  .38688E+00  .49588E+00  .77688E+00
          .12079E+01  .13129E+01  .15109E+01
          .50788E+00  .49625E+00  .49514E+00  .49920E+00  .49607E+00
          .49252E+00  .48587E+00  .48002E+00  .46204E+00  .44381E+00
          .41471E+00  .39334E+00  .30395E+00  .79088E+00  .12125E+01
          .47311E+00  .11105E+00  .24147E+00
         -.14644E+03 -.13630E+03 -.12616E+03 -.11602E+03 -.10587E+03
         -.95731E+02 -.85588E+02 -.75446E+02 -.65303E+02 -.55161E+02
         -.45018E+02 -.34876E+02 -.24733E+02 -.15515E+02 -.10283E+02
         -.55830E+01 -.40110E+01 -.33390E+01
          .40570E+02  .40570E+02  .40570E+02  .40570E+02  .40570E+02
          .40570E+02  .40570E+02  .40570E+02  .40570E+02  .40570E+02
          .40570E+02  .40570E+02  .40570E+02  .29475E+02  .14928E+02
          .52500E+01  .17040E+01  .15601E+00
         -.61600E+00 -.74100E+00 -.86700E+00 -.99200E+00 -.11170E+01
         -.12430E+01 -.13700E+01 -.14970E+01 -.16230E+01 -.17370E+01
         -.18480E+01 -.19800E+01 -.21340E+01 -.23040E+01 -.24590E+01
         -.26520E+01 -.30400E+01 -.42270E+01
         -.49866E+00 -.50269E+00 -.50259E+00 -.49896E+00 -.50158E+00
         -.50673E+00 -.50750E+00 -.51127E+00 -.48344E+00 -.43499E+00
         -.47660E+00 -.57460E+00 -.65700E+00 -.68541E+00 -.50137E+00
         -.49895E+00 -.98884E+00 -.12861E+01
         -.10041E+01 -.88112E+00 -.75612E+00 -.63112E+00 -.50712E+00
         -.38312E+00 -.26012E+00 -.13712E+00  .78800E-02  .18988E+00
          .34588E+00  .46888E+00  .56388E+00  .64988E+00  .84188E+00
          .11949E+01  .12819E+01  .14769E+01
          .48993E+00  .49613E+00  .50154E+00  .49770E+00  .49566E+00
          .49567E+00  .48567E+00  .51367E+00  .67565E+00  .70772E+00
          .54946E+00  .44242E+00  .29684E+00  .54222E+00  .87029E+00
          .41985E+00  .90329E-01  .24734E+00
         -.15013E+03 -.13973E+03 -.12934E+03 -.11894E+03 -.10854E+03
         -.98148E+02 -.87752E+02 -.77356E+02 -.66959E+02 -.56563E+02
         -.46167E+02 -.35770E+02 -.25374E+02 -.15926E+02 -.10566E+02
         -.57520E+01 -.41430E+01 -.34530E+01
          .41585E+02  .41585E+02  .41585E+02  .41585E+02  .41585E+02
          .41585E+02  .41585E+02  .41585E+02  .41585E+02  .41585E+02
          .41585E+02  .41585E+02  .41585E+02  .30205E+02  .15290E+02
          .53762E+01  .17438E+01  .16312E+00
         -.58700E+00 -.71200E+00 -.83700E+00 -.96200E+00 -.10880E+01
         -.12130E+01 -.13400E+01 -.14670E+01 -.15890E+01 -.17010E+01
         -.18180E+01 -.19560E+01 -.21120E+01 -.22800E+01 -.24380E+01
         -.26630E+01 -.30540E+01 -.42110E+01
         -.49989E+00 -.50022E+00 -.49925E+00 -.50280E+00 -.50155E+00
         -.50299E+00 -.51048E+00 -.50309E+00 -.46517E+00 -.44422E+00
         -.50595E+00 -.59199E+00 -.65409E+00 -.67964E+00 -.53933E+00
         -.54671E+00 -.96983E+00 -.12506E+01
         -.98012E+00 -.85612E+00 -.73012E+00 -.60512E+00 -.48112E+00
         -.35712E+00 -.23412E+00 -.10812E+00  .51880E-01  .22588E+00
          .36888E+00  .48588E+00  .57788E+00  .65788E+00  .82388E+00
          .11519E+01  .12349E+01  .14359E+01
          .49365E+00  .50071E+00  .50351E+00  .49723E+00  .49555E+00
          .49656E+00  .48220E+00  .56264E+00  .69925E+00  .64836E+00
          .51131E+00  .42642E+00  .29103E+00  .47346E+00  .76713E+00
          .40232E+00  .89613E-01  .25669E+00
         -.15381E+03 -.14316E+03 -.13252E+03 -.12187E+03 -.11122E+03
         -.10057E+03 -.89927E+02 -.79279E+02 -.68631E+02 -.57984E+02
         -.47336E+02 -.36689E+02 -.26041E+02 -.16365E+02 -.10877E+02
         -.59490E+01 -.43030E+01 -.35940E+01
          .42590E+02  .42590E+02  .42590E+02  .42590E+02  .42590E+02
          .42590E+02  .42590E+02  .42590E+02  .42590E+02  .42590E+02
          .42590E+02  .42590E+02  .42590E+02  .30931E+02  .15653E+02
          .55019E+01  .17840E+01  .17152E+00
         -.55800E+00 -.68300E+00 -.80800E+00 -.93400E+00 -.10590E+01
         -.11850E+01 -.13110E+01 -.14380E+01 -.15580E+01 -.16640E+01
         -.17780E+01 -.19140E+01 -.20710E+01 -.22400E+01 -.24040E+01
         -.26700E+01 -.30670E+01 -.41940E+01
         -.50039E+00 -.49923E+00 -.50271E+00 -.50193E+00 -.50158E+00
         -.50375E+00 -.50742E+00 -.50258E+00 -.44627E+00 -.42434E+00
         -.49637E+00 -.59019E+00 -.65887E+00 -.68633E+00 -.59181E+00
         -.60848E+00 -.95228E+00 -.12144E+01
         -.95312E+00 -.83012E+00 -.70512E+00 -.58012E+00 -.45512E+00
         -.33212E+00 -.20912E+00 -.80120E-01  .90880E-01  .27588E+00
          .42288E+00  .54088E+00  .63088E+00  .70488E+00  .83588E+00
          .11129E+01  .11889E+01  .13949E+01
          .48981E+00  .49638E+00  .50067E+00  .50095E+00  .49555E+00
          .49286E+00  .48501E+00  .59109E+00  .75064E+00  .67834E+00
          .51999E+00  .42171E+00  .28916E+00  .38964E+00  .61228E+00
          .35302E+00  .93628E-01  .26219E+00
         -.17020E+03 -.15840E+03 -.14661E+03 -.13482E+03 -.12303E+03
         -.11123E+03 -.99439E+02 -.87646E+02 -.75854E+02 -.64061E+02
         -.52268E+02 -.40475E+02 -.28682E+02 -.17966E+02 -.11892E+02
         -.64470E+01 -.46320E+01 -.38430E+01
          .47172E+02  .47172E+02  .47172E+02  .47172E+02  .47172E+02
          .47172E+02  .47172E+02  .47172E+02  .47172E+02  .47172E+02
          .47172E+02  .47172E+02  .47172E+02  .34249E+02  .17313E+02
          .60697E+01  .19680E+01  .19950E+00
         -.53100E+00 -.65600E+00 -.78100E+00 -.90600E+00 -.10310E+01
         -.11570E+01 -.12830E+01 -.14070E+01 -.14990E+01 -.15570E+01
         -.16440E+01 -.17820E+01 -.19550E+01 -.21430E+01 -.23360E+01
         -.26920E+01 -.31050E+01 -.41890E+01
         -.50003E+00 -.49995E+00 -.50018E+00 -.49932E+00 -.50254E+00
         -.50250E+00 -.51145E+00 -.45171E+00 -.27370E+00 -.25351E+00
         -.45228E+00 -.63736E+00 -.73029E+00 -.77347E+00 -.74783E+00
         -.73410E+00 -.92978E+00 -.11611E+01
         -.92812E+00 -.80512E+00 -.68012E+00 -.55512E+00 -.43112E+00
         -.30712E+00 -.18312E+00 -.25120E-01  .25888E+00  .51488E+00
          .68988E+00  .81788E+00  .89888E+00  .94388E+00  .98188E+00
          .11019E+01  .11539E+01  .13499E+01
          .48993E+00  .49613E+00  .50153E+00  .49775E+00  .49548E+00
          .49634E+00  .49516E+00  .90702E+00  .11808E+01  .84990E+00
          .59162E+00  .41963E+00  .23785E+00  .14097E+00  .19426E+00
          .18448E+00  .99826E-01  .24409E+00
         -.17452E+03 -.16244E+03 -.15036E+03 -.13829E+03 -.12621E+03
         -.11413E+03 -.10205E+03 -.89978E+02 -.77901E+02 -.65824E+02
         -.53748E+02 -.41671E+02 -.29594E+02 -.18620E+02 -.12400E+02
         -.68270E+01 -.49700E+01 -.41610E+01
          .48307E+02  .48307E+02  .48307E+02  .48307E+02  .48307E+02
          .48307E+02  .48307E+02  .48307E+02  .48307E+02  .48307E+02
          .48307E+02  .48307E+02  .48307E+02  .35073E+02  .17727E+02
          .62097E+01  .20142E+01  .20640E+00
         -.49800E+00 -.62300E+00 -.74800E+00 -.87300E+00 -.99900E+00
         -.11240E+01 -.12500E+01 -.13770E+01 -.14980E+01 -.16090E+01
         -.17270E+01 -.18630E+01 -.20160E+01 -.21800E+01 -.23510E+01
         -.27000E+01 -.31090E+01 -.41490E+01
         -.49990E+00 -.50020E+00 -.49930E+00 -.50261E+00 -.50226E+00
         -.50034E+00 -.50837E+00 -.50217E+00 -.45897E+00 -.44597E+00
         -.50514E+00 -.58146E+00 -.63701E+00 -.67449E+00 -.68502E+00
         -.73892E+00 -.90730E+00 -.11063E+01
         -.90312E+00 -.77412E+00 -.65112E+00 -.52712E+00 -.40212E+00
         -.27812E+00 -.15512E+00 -.27120E-01  .13788E+00  .30888E+00
          .44688E+00  .56188E+00  .65388E+00  .72588E+00  .79588E+00
          .95788E+00  .10499E+01  .12939E+01
          .52262E+00  .50276E+00  .49034E+00  .49988E+00  .49815E+00
          .49553E+00  .48374E+00  .58153E+00  .70616E+00  .62584E+00
          .49850E+00  .41617E+00  .32083E+00  .26853E+00  .30906E+00
          .26061E+00  .17251E+00  .27975E+00
         -.11041E+03 -.10337E+03 -.96336E+02 -.89298E+02 -.82261E+02
         -.75224E+02 -.68186E+02 -.61149E+02 -.54112E+02 -.47074E+02
         -.40037E+02 -.33000E+02 -.25962E+02 -.18925E+02 -.12454E+02
         -.66600E+01 -.47320E+01 -.38890E+01
          .28149E+02  .28149E+02  .28149E+02  .28149E+02  .28149E+02
          .28149E+02  .28149E+02  .28149E+02  .28149E+02  .28149E+02
          .28149E+02  .28149E+02  .28149E+02  .28149E+02  .21353E+02
          .56491E+01  .23822E+01  .73381E-01
         -.47100E+00 -.59600E+00 -.72100E+00 -.84600E+00 -.97200E+00
         -.10970E+01 -.12230E+01 -.13480E+01 -.14550E+01 -.15440E+01
         -.16510E+01 -.17900E+01 -.19510E+01 -.21230E+01 -.23000E+01
         -.26380E+01 -.30330E+01 -.40770E+01
         -.49990E+00 -.50020E+00 -.49930E+00 -.50259E+00 -.50233E+00
         -.50008E+00 -.50936E+00 -.47447E+00 -.37674E+00 -.37055E+00
         -.49307E+00 -.60919E+00 -.67017E+00 -.70611E+00 -.69339E+00
         -.70347E+00 -.89074E+00 -.11206E+01
         -.87612E+00 -.75012E+00 -.62612E+00 -.50312E+00 -.37812E+00
         -.25412E+00 -.13012E+00  .14880E-01  .23688E+00  .44188E+00
          .59288E+00  .70888E+00  .79388E+00  .85188E+00  .90988E+00
          .10789E+01  .11569E+01  .13689E+01
          .50568E+00  .50064E+00  .49177E+00  .49627E+00  .49915E+00
          .49514E+00  .49630E+00  .74765E+00  .91711E+00  .70791E+00
          .52326E+00  .40306E+00  .27650E+00  .20694E+00  .28773E+00
          .26572E+00  .13137E+00  .25231E+00
         -.11267E+03 -.10550E+03 -.98335E+02 -.91169E+02 -.84003E+02
         -.76838E+02 -.69672E+02 -.62506E+02 -.55340E+02 -.48175E+02
         -.41009E+02 -.33843E+02 -.26678E+02 -.19512E+02 -.12923E+02
         -.70240E+01 -.50620E+01 -.42030E+01
          .28663E+02  .28663E+02  .28663E+02  .28663E+02  .28663E+02
          .28663E+02  .28663E+02  .28663E+02  .28663E+02  .28663E+02
          .28663E+02  .28663E+02  .28663E+02  .28663E+02  .21742E+02
          .57499E+01  .24241E+01  .76428E-01
         -.44300E+00 -.56800E+00 -.69300E+00 -.81800E+00 -.94400E+00
         -.10690E+01 -.11950E+01 -.13190E+01 -.14390E+01 -.15630E+01
         -.16960E+01 -.18360E+01 -.19840E+01 -.21380E+01 -.23000E+01
         -.26370E+01 -.30330E+01 -.40470E+01
         -.49990E+00 -.50021E+00 -.49927E+00 -.50271E+00 -.50189E+00
         -.50174E+00 -.50314E+00 -.48569E+00 -.48211E+00 -.51387E+00
         -.54640E+00 -.57653E+00 -.60350E+00 -.63349E+00 -.65454E+00
         -.71580E+00 -.88025E+00 -.10809E+01
         -.85012E+00 -.72412E+00 -.60412E+00 -.47712E+00 -.35312E+00
         -.22912E+00 -.10312E+00  .37880E-01  .18288E+00  .31988E+00
          .44588E+00  .55188E+00  .64188E+00  .71988E+00  .79988E+00
          .98188E+00  .10849E+01  .13239E+01
          .51268E+00  .48664E+00  .49277E+00  .50630E+00  .49404E+00
          .49353E+00  .53183E+00  .58315E+00  .56757E+00  .53056E+00
          .46618E+00  .38870E+00  .33101E+00  .30326E+00  .35196E+00
          .29374E+00  .18310E+00  .26695E+00
         -.83681E+02 -.79446E+02 -.75210E+02 -.70974E+02 -.66738E+02
         -.62503E+02 -.58267E+02 -.54031E+02 -.49796E+02 -.45560E+02
         -.41324E+02 -.37089E+02 -.32853E+02 -.28617E+02 -.24381E+02
         -.15910E+02 -.84120E+01 -.50970E+01
          .16943E+02  .16943E+02  .16943E+02  .16943E+02  .16943E+02
          .16943E+02  .16943E+02  .16943E+02  .16943E+02  .16943E+02
          .16943E+02  .16943E+02  .16943E+02  .16943E+02  .16943E+02
          .16943E+02  .11102E+02 -.57867E+00
         -.41800E+00 -.54300E+00 -.66800E+00 -.79300E+00 -.91900E+00
         -.10440E+01 -.11700E+01 -.12970E+01 -.14240E+01 -.15540E+01
         -.16870E+01 -.18240E+01 -.19660E+01 -.21160E+01 -.22760E+01
         -.26280E+01 -.30320E+01 -.40170E+01
         -.49990E+00 -.50020E+00 -.49929E+00 -.50264E+00 -.50217E+00
         -.50069E+00 -.50707E+00 -.50705E+00 -.51274E+00 -.52598E+00
         -.53934E+00 -.55667E+00 -.58200E+00 -.61934E+00 -.66065E+00
         -.74945E+00 -.87757E+00 -.10387E+01
         -.82812E+00 -.70612E+00 -.58012E+00 -.45612E+00 -.33112E+00
         -.20612E+00 -.83120E-01  .39880E-01  .15988E+00  .27788E+00
          .39188E+00  .49988E+00  .60088E+00  .69388E+00  .77788E+00
          .91888E+00  .10359E+01  .13199E+01
          .48307E+00  .49785E+00  .50152E+00  .49609E+00  .50214E+00
          .49536E+00  .49242E+00  .48694E+00  .47581E+00  .46582E+00
          .44490E+00  .41859E+00  .38876E+00  .35438E+00  .31774E+00
          .24682E+00  .24297E+00  .30451E+00
         -.85459E+02 -.81144E+02 -.76830E+02 -.72516E+02 -.68201E+02
         -.63887E+02 -.59573E+02 -.55259E+02 -.50944E+02 -.46630E+02
         -.42316E+02 -.38001E+02 -.33687E+02 -.29373E+02 -.25059E+02
         -.16430E+02 -.87930E+01 -.54180E+01
          .17257E+02  .17257E+02  .17257E+02  .17257E+02  .17257E+02
          .17257E+02  .17257E+02  .17257E+02  .17257E+02  .17257E+02
          .17257E+02  .17257E+02  .17257E+02  .17257E+02  .17257E+02
          .17257E+02  .11308E+02 -.59133E+00
         -.32800E+00 -.45300E+00 -.57800E+00 -.70300E+00 -.82800E+00
         -.95400E+00 -.10790E+01 -.12050E+01 -.13320E+01 -.14610E+01
         -.15910E+01 -.17250E+01 -.18620E+01 -.20060E+01 -.21570E+01
         -.24830E+01 -.28480E+01 -.37210E+01
         -.50003E+00 -.49995E+00 -.50019E+00 -.49929E+00 -.50266E+00
         -.50207E+00 -.50107E+00 -.50565E+00 -.51232E+00 -.51705E+00
         -.52746E+00 -.54109E+00 -.56018E+00 -.59020E+00 -.61903E+00
         -.68544E+00 -.78520E+00 -.91690E+00
         -.75312E+00 -.63012E+00 -.50112E+00 -.37612E+00 -.25512E+00
         -.13012E+00 -.51200E-02  .11788E+00  .23988E+00  .35988E+00
          .47588E+00  .58888E+00  .69488E+00  .79588E+00  .88788E+00
          .10509E+01  .11869E+01  .14229E+01
          .48481E+00  .50638E+00  .51366E+00  .48699E+00  .49038E+00
          .50347E+00  .49572E+00  .48966E+00  .48565E+00  .47173E+00
          .45944E+00  .43850E+00  .41456E+00  .38726E+00  .35239E+00
          .29714E+00  .25304E+00  .22748E+00
         -.30000E+02 -.30000E+02 -.30000E+02 -.30000E+02 -.30000E+02
         -.30000E+02 -.30000E+02 -.30000E+02 -.30000E+02 -.30000E+02
         -.30000E+02 -.30000E+02 -.30000E+02 -.30000E+02 -.30000E+02
         -.30000E+02 -.30000E+02 -.30000E+02
          .00000E+00  .00000E+00  .00000E+00  .00000E+00  .00000E+00
          .00000E+00  .00000E+00  .00000E+00  .00000E+00  .00000E+00
          .00000E+00  .00000E+00  .00000E+00  .00000E+00  .00000E+00
          .00000E+00  .00000E+00  .00000E+00
         -.23500E+00 -.36000E+00 -.48600E+00 -.61100E+00 -.73600E+00
         -.86100E+00 -.98700E+00 -.11130E+01 -.12390E+01 -.13670E+01
         -.14960E+01 -.16280E+01 -.17640E+01 -.19040E+01 -.20500E+01
         -.23620E+01 -.27070E+01 -.35330E+01
         -.49864E+00 -.50273E+00 -.50245E+00 -.49947E+00 -.49966E+00
         -.50188E+00 -.50482E+00 -.50284E+00 -.50781E+00 -.51392E+00
         -.52051E+00 -.53606E+00 -.55127E+00 -.57087E+00 -.59723E+00
         -.65086E+00 -.74132E+00 -.86834E+00
         -.66412E+00 -.55112E+00 -.41912E+00 -.29712E+00 -.17412E+00
         -.48120E-01  .75880E-01  .19888E+00  .32188E+00  .44188E+00
          .55988E+00  .67488E+00  .78388E+00  .88788E+00  .98588E+00
          .11619E+01  .13079E+01  .15149E+01
          .42876E+00  .49848E+00  .51731E+00  .48029E+00  .50154E+00
          .50153E+00  .49232E+00  .49320E+00  .48688E+00  .47527E+00
          .46804E+00  .44858E+00  .42565E+00  .40482E+00  .37907E+00
          .32393E+00  .25721E+00  .18190E+00
